true_syndrome,predicted_syndrome,confidence
SMSY00060,SMSY00200,0.7295528800636704
SMSY00168,SMSY00168,0.5600371929729381
SMSY00042,SMSY00042,0.9998240469369185
SMSY00005,SMSY00005,0.9999979090104232
SMSY00137,SMSY00131,0.4916655457754963
SMSY00199,SMSY00199,0.9973255674161738
SMSY00077,SMSY00077,0.9866061737369544
SMSY00032,SMSY00032,0.9991229780209754
SMSY00209,SMSY00209,0.8570139216568579
SMSY00114,SMSY00113,0.4166983800332112
SMSY00207,SMSY00075,0.1838771327518333
SMSY00047,SMSY00048,0.40789796002364376
SMSY00031,SMSY00064,0.22484645623939306
SMSY00028,SMSY00018,0.8246729078073954
SMSY00102,SMSY00102,0.9997757215079811
SMSY00090,SMSY00090,0.7060589065635949
SMSY00098,SMSY00098,0.9920994245812712
SMSY00035,SMSY00035,0.999999963553067
SMSY00015,SMSY00015,0.5716835052936844
SMSY00025,SMSY00025,0.9999088591670169
SMSY00184,SMSY00184,0.9075058085695638
SMSY00212,SMSY00212,0.9999734218151501
SMSY00128,SMSY00128,0.4970207267653902
SMSY00210,SMSY00210,0.30740762936003435
SMSY00139,SMSY00139,0.8254632805383441
SMSY00232,SMSY00233,0.4826661147059217
SMSY00063,SMSY00063,0.7647091611387541
SMSY00180,SMSY00180,0.6091676685421715
SMSY00120,SMSY00121,0.4139974353349705
SMSY00129,SMSY00129,0.3464095305776283
SMSY00067,SMSY00067,0.3657165338192271
SMSY00074,SMSY00074,0.776615154884129
SMSY00169,SMSY00169,0.994842645546928
SMSY00209,SMSY00162,0.20190875098777603
SMSY00136,SMSY00136,0.999999828534588
SMSY00085,SMSY00085,0.8312101300662699
SMSY00188,SMSY00188,0.5267503733682996
SMSY00219,SMSY00186,0.24907809621904242
SMSY00007,SMSY00162,0.2888696569703178
SMSY00177,SMSY00171,0.4245471647855003
SMSY00196,SMSY00196,0.9843673184031707
SMSY00077,SMSY00077,0.4553255714034988
SMSY00002,SMSY00004,0.24713926007683293
SMSY00078,SMSY00078,0.991982911738545
SMSY00069,SMSY00078,0.9881432900248442
SMSY00159,SMSY00159,0.8290650721893504
SMSY00066,SMSY00066,0.9301248299897424
SMSY00064,SMSY00064,0.580568943994321
SMSY00002,SMSY00096,0.18072270016569852
SMSY00213,SMSY00213,0.9999994697061553
SMSY00215,SMSY00054,0.22070637236089688
SMSY00204,SMSY00204,0.9999999662605403
SMSY00052,SMSY00052,0.8336563204111057
SMSY00046,SMSY00046,0.9999999899480821
SMSY00044,SMSY00044,0.9999999677059713
SMSY00088,SMSY00088,0.7890177352331276
SMSY00040,SMSY00038,0.8693108152944523
SMSY00168,SMSY00168,0.6062350560292461
SMSY00160,SMSY00020,0.2330353746920016
SMSY00199,SMSY00199,0.9757800567770153
SMSY00044,SMSY00044,0.9999992962134557
SMSY00033,SMSY00033,0.9998448633662737
SMSY00204,SMSY00204,0.9752989747530109
SMSY00023,SMSY00021,0.7850301625904771
SMSY00110,SMSY00105,0.9485321722680701
SMSY00141,SMSY00141,0.9999998512412521
SMSY00026,SMSY00167,0.3747179940940333
SMSY00186,SMSY00186,0.24907809621904242
SMSY00088,SMSY00088,0.9615688696361907
SMSY00014,SMSY00027,0.46934716631898754
SMSY00161,SMSY00161,0.9999996141092201
SMSY00063,SMSY00063,0.7892687852495113
SMSY00087,SMSY00087,0.4452659217718006
SMSY00159,SMSY00087,0.4452659217718006
SMSY00025,SMSY00025,0.9967854276306648
SMSY00077,SMSY00077,0.928286926277473
SMSY00201,SMSY00201,0.9999999728068599
SMSY00160,SMSY00160,0.3807648124732972
SMSY00017,SMSY00017,0.39325341956442755
SMSY00081,SMSY00081,0.6047003656712029
SMSY00193,SMSY00205,0.8267495990201469
SMSY00003,SMSY00003,0.9328389551591755
SMSY00127,SMSY00127,0.9999991852992796
SMSY00021,SMSY00021,0.6366901254164844
SMSY00228,SMSY00133,0.9015787231337359
SMSY00079,SMSY00079,0.9980446347507764
SMSY00218,SMSY00218,0.5664213436050037
SMSY00144,SMSY00144,0.9999997792864787
SMSY00008,SMSY00008,0.9999988476193854
SMSY00174,SMSY00174,0.9992339076593955
SMSY00154,SMSY00154,0.5346478447627809
SMSY00040,SMSY00040,0.5512612162965186
SMSY00220,SMSY00220,0.9999096026059446
SMSY00216,SMSY00215,0.20717198075562462
SMSY00098,SMSY00098,0.9694469062859469
SMSY00128,SMSY00131,0.6079636338565877
SMSY00178,SMSY00178,0.9496619216015881
SMSY00004,SMSY00075,0.4145310704387748
SMSY00115,SMSY00115,0.925835640411301
SMSY00174,SMSY00174,0.9998733829088851
SMSY00041,SMSY00038,0.9078796220121111
SMSY00047,SMSY00048,0.9432905010333898
SMSY00036,SMSY00042,0.8996037890629108
SMSY00134,SMSY00145,0.9488150092752802
SMSY00103,SMSY00149,0.7333588362009625
SMSY00127,SMSY00127,0.989912814005525
SMSY00161,SMSY00161,0.9855796475561655
SMSY00006,SMSY00192,0.49132129244070577
SMSY00140,SMSY00130,0.6922634985655102
SMSY00067,SMSY00067,0.27010035379271174
SMSY00024,SMSY00024,0.5133250306501673
SMSY00160,SMSY00160,0.3807648124732972
SMSY00104,SMSY00104,0.8107353572713847
SMSY00205,SMSY00205,0.9879457879536413
SMSY00005,SMSY00005,0.9999995996633997
SMSY00183,SMSY00183,0.973353656420896
SMSY00206,SMSY00206,0.999992812813884
SMSY00197,SMSY00197,0.9377880393253581
SMSY00118,SMSY00061,0.8870444962397368
SMSY00148,SMSY00148,0.9999994872055077
SMSY00216,SMSY00216,0.49368532729496734
SMSY00227,SMSY00229,0.33891973647443363
SMSY00100,SMSY00100,0.9804304805433747
SMSY00119,SMSY00119,0.6135434095021792
SMSY00127,SMSY00127,0.9999993660673339
SMSY00228,SMSY00133,0.7882791121479776
SMSY00077,SMSY00077,0.5444279577816886
SMSY00058,SMSY00057,0.5914138782521626
SMSY00138,SMSY00138,0.8107121255920942
SMSY00227,SMSY00225,0.6436315582549987
SMSY00023,SMSY00023,0.46394667990831867
SMSY00110,SMSY00110,0.9918095421455352
SMSY00136,SMSY00136,0.999999883084581
SMSY00028,SMSY00028,0.942516859095243
SMSY00209,SMSY00209,0.6696214496544685
SMSY00220,SMSY00220,0.8856035280145462
SMSY00036,SMSY00186,0.23906937917280027
SMSY00065,SMSY00082,0.7593690644323382
SMSY00039,SMSY00039,0.9990248832720254
SMSY00175,SMSY00175,0.9942304705188669
SMSY00168,SMSY00168,0.6460341252627658
SMSY00188,SMSY00007,0.16404687789783173
SMSY00122,SMSY00060,0.9134066655726947
SMSY00092,SMSY00091,0.32449663022873065
SMSY00120,SMSY00060,0.4153563061328739
SMSY00046,SMSY00046,0.9999999349940483
SMSY00089,SMSY00089,0.601805029361611
SMSY00041,SMSY00038,0.7782228105361894
SMSY00186,SMSY00186,0.6672155931248842
SMSY00168,SMSY00168,0.5600371929729381
SMSY00066,SMSY00066,0.9998014317162475
SMSY00033,SMSY00033,0.9999726916817129
SMSY00007,SMSY00007,0.5077030538997733
SMSY00031,SMSY00195,0.3230957910197317
SMSY00174,SMSY00174,0.9846593008151748
SMSY00182,SMSY00182,0.9687586404546629
SMSY00120,SMSY00120,0.5364678913385216
SMSY00215,SMSY00004,0.28798555420972244
SMSY00044,SMSY00044,0.9999978892288823
SMSY00048,SMSY00048,0.5093506354179236
SMSY00067,SMSY00082,0.6524388206794487
SMSY00109,SMSY00109,0.8713826742173353
SMSY00217,SMSY00218,0.622804474512051
SMSY00004,SMSY00186,0.24907809621904242
SMSY00032,SMSY00032,0.6657449718383526
SMSY00094,SMSY00094,0.9434806828415592
SMSY00002,SMSY00187,0.6219392856269644
SMSY00185,SMSY00160,0.21626760449720425
SMSY00205,SMSY00205,0.9879457879536413
SMSY00159,SMSY00089,0.2461009254912521
SMSY00203,SMSY00203,0.9996703639837569
SMSY00091,SMSY00004,0.20464021514427821
SMSY00093,SMSY00093,0.4416266199180476
SMSY00068,SMSY00068,0.43268660769657
SMSY00128,SMSY00131,0.8743754956126397
SMSY00136,SMSY00136,0.9999999709164813
SMSY00027,SMSY00029,0.7080347989456269
SMSY00035,SMSY00035,0.9999999387687573
SMSY00080,SMSY00081,0.6944146635876506
SMSY00194,SMSY00186,0.2593743469024223
SMSY00095,SMSY00095,0.7612435975217737
SMSY00210,SMSY00195,0.3230957910197317
SMSY00134,SMSY00145,0.9698536222760151
SMSY00211,SMSY00191,0.35601186744775015
SMSY00049,SMSY00048,0.9850231981859211
SMSY00127,SMSY00127,0.9999999943721449
SMSY00063,SMSY00063,0.46111391977189753
SMSY00160,SMSY00160,0.4255457438581418
SMSY00102,SMSY00102,0.37489180582856035
SMSY00007,SMSY00101,0.34137925051048656
SMSY00032,SMSY00032,0.9954777423133739
SMSY00154,SMSY00004,0.31672586004769077
SMSY00217,SMSY00217,0.7135035054580743
SMSY00003,SMSY00003,0.9024127021348102
SMSY00105,SMSY00105,0.9951352433954925
SMSY00096,SMSY00096,0.3187209534085685
SMSY00183,SMSY00183,0.9245211285153526
SMSY00022,SMSY00022,0.4984354757255307
SMSY00201,SMSY00201,0.9999999729298127
SMSY00142,SMSY00142,0.9999701526529439
SMSY00189,SMSY00189,0.39077843301793225
SMSY00223,SMSY00223,0.36350871885051833
SMSY00055,SMSY00055,0.8636577149790893
SMSY00060,SMSY00118,0.5630221827723122
SMSY00048,SMSY00048,0.7816597332606383
SMSY00035,SMSY00035,0.9999093889472987
SMSY00131,SMSY00131,0.6370641846046023
SMSY00037,SMSY00037,0.9805275279889476
SMSY00140,SMSY00131,0.7696050980118259
SMSY00169,SMSY00169,0.8847782796776257
SMSY00005,SMSY00005,0.9999849484911701
SMSY00175,SMSY00175,0.9881050866030849
SMSY00229,SMSY00229,0.9085041780215611
SMSY00156,SMSY00152,0.5914609770661368
SMSY00194,SMSY00171,0.3387625970126081
SMSY00157,SMSY00157,0.5655322105226848
SMSY00011,SMSY00010,0.43315144233286
SMSY00139,SMSY00149,0.6210518903079818
SMSY00220,SMSY00220,0.9999644694330426
SMSY00184,SMSY00184,0.8390304220973082
SMSY00140,SMSY00131,0.5884149056320386
SMSY00180,SMSY00180,0.6902762316819648
SMSY00218,SMSY00218,0.8986372312472842
SMSY00120,SMSY00122,0.6943080457804544
SMSY00093,SMSY00004,0.2710505940691987
SMSY00217,SMSY00217,0.6729564964280774
SMSY00096,SMSY00162,0.20190875098777603
SMSY00153,SMSY00075,0.28201156989440473
SMSY00193,SMSY00091,0.16684115810295672
SMSY00009,SMSY00009,0.9999999596702097
SMSY00191,SMSY00191,0.9024221353103299
SMSY00232,SMSY00233,0.6488698075975642
SMSY00018,SMSY00018,0.7986055312185736
SMSY00051,SMSY00051,0.999555486736042
SMSY00217,SMSY00218,0.8889502987056087
SMSY00141,SMSY00141,0.999999780152293
SMSY00001,SMSY00001,0.9985378494271586
SMSY00011,SMSY00004,0.5561617021886935
SMSY00051,SMSY00051,0.9989938165664002
SMSY00107,SMSY00106,0.8559285631197462
SMSY00146,SMSY00171,0.26970774019542054
SMSY00233,SMSY00229,0.3675446332246499
SMSY00115,SMSY00113,0.47381665161620085
SMSY00014,SMSY00014,0.6668100136769485
SMSY00113,SMSY00116,0.6008723011059593
SMSY00014,SMSY00014,0.4799254596854459
SMSY00202,SMSY00191,0.31497887507115496
SMSY00056,SMSY00056,0.9999999995407745
SMSY00162,SMSY00162,0.48886598358787514
SMSY00156,SMSY00156,0.977580172972402
SMSY00108,SMSY00099,0.7876461991594867
SMSY00001,SMSY00001,0.9995632386849692
SMSY00025,SMSY00025,0.9119990368949443
SMSY00112,SMSY00129,0.2845542886151479
SMSY00165,SMSY00165,0.7523446960185453
SMSY00166,SMSY00166,0.9995763928618694
SMSY00115,SMSY00115,0.49811431573237325
SMSY00020,SMSY00020,0.5242909424237037
SMSY00187,SMSY00187,0.7489788927688198
SMSY00012,SMSY00126,0.8151410193898238
SMSY00140,SMSY00128,0.7395617199031556
SMSY00147,SMSY00147,0.9999999999999689
SMSY00110,SMSY00110,0.9558008292095252
SMSY00044,SMSY00044,0.9991542517880523
SMSY00159,SMSY00159,0.8290650721893504
SMSY00036,SMSY00190,0.31977292605385094
SMSY00131,SMSY00131,0.8276201692688582
SMSY00005,SMSY00005,0.9999999982461167
SMSY00182,SMSY00182,0.980977661785862
SMSY00051,SMSY00051,0.9998577279744918
SMSY00063,SMSY00063,0.16444410797678718
SMSY00025,SMSY00025,0.9351810235976232
SMSY00097,SMSY00075,0.30251557642778565
SMSY00143,SMSY00143,0.9999999973155353
SMSY00030,SMSY00215,0.2096592076107455
SMSY00211,SMSY00211,0.7314595119057866
SMSY00151,SMSY00151,0.6794238522743711
SMSY00006,SMSY00192,0.49132129244070577
SMSY00019,SMSY00026,0.6661420959949784
SMSY00208,SMSY00224,0.6215550146091391
SMSY00121,SMSY00122,0.7603424559763544
SMSY00124,SMSY00125,0.9676650431276096
SMSY00182,SMSY00182,0.9963580809770577
SMSY00147,SMSY00147,1.0
SMSY00089,SMSY00089,0.746665334524972
SMSY00225,SMSY00227,0.5332721687979683
SMSY00203,SMSY00203,0.9999925810192841
SMSY00153,SMSY00075,0.3753644017012757
SMSY00030,SMSY00030,0.7865412828881913
SMSY00199,SMSY00199,0.9937259261502799
SMSY00034,SMSY00034,0.9999999957641001
SMSY00136,SMSY00136,0.9997745095014078
SMSY00183,SMSY00019,0.5509457183400163
SMSY00130,SMSY00130,0.486463988324765
SMSY00036,SMSY00004,0.1937095778021273
SMSY00046,SMSY00046,0.9978437878994036
SMSY00006,SMSY00192,0.9150738605439768
SMSY00013,SMSY00013,0.6716790499415312
SMSY00172,SMSY00026,0.3368419753431416
SMSY00056,SMSY00056,0.9999998739683019
SMSY00043,SMSY00043,0.9992617017606745
SMSY00031,SMSY00064,0.15278433560690058
SMSY00104,SMSY00104,0.7733966341571169
SMSY00166,SMSY00166,0.9941732861959017
SMSY00233,SMSY00232,0.45698111779294176
SMSY00087,SMSY00167,0.8475635350202295
SMSY00033,SMSY00033,0.9999981846404531
SMSY00134,SMSY00145,0.9937474999129073
SMSY00102,SMSY00102,0.9998140553999154
SMSY00045,SMSY00157,0.7593447290824962
SMSY00045,SMSY00157,0.27278747842899215
SMSY00023,SMSY00023,0.9242136008662816
SMSY00088,SMSY00088,0.998224991874783
SMSY00155,SMSY00093,0.6259022831475572
SMSY00111,SMSY00111,0.9163142431681941
SMSY00084,SMSY00084,0.5519280083519099
SMSY00097,SMSY00075,0.2573845165962793
SMSY00091,SMSY00064,0.580568943994321
SMSY00006,SMSY00006,0.5247227002557294
SMSY00113,SMSY00113,0.5124083405792421
SMSY00013,SMSY00013,0.41987034647402166
SMSY00232,SMSY00225,0.5690668746739962
SMSY00229,SMSY00133,0.5773869349525288
SMSY00207,SMSY00096,0.09518484368705904
SMSY00162,SMSY00162,0.3843984326299275
SMSY00187,SMSY00157,0.7476412388487765
SMSY00009,SMSY00009,0.9999999999961473
SMSY00152,SMSY00059,0.8572670922723065
SMSY00195,SMSY00162,0.39874630446131376
SMSY00211,SMSY00190,0.21577426579990272
SMSY00161,SMSY00161,0.9998403992895898
SMSY00005,SMSY00005,0.999999908653107
SMSY00078,SMSY00078,0.8222797381445136
SMSY00161,SMSY00161,0.9809018018745942
SMSY00015,SMSY00015,0.7481178065777052
SMSY00081,SMSY00080,0.5128695969174238
SMSY00015,SMSY00055,0.8467343119875803
SMSY00189,SMSY00004,0.1870215062696504
SMSY00087,SMSY00087,0.21641912403741875
SMSY00032,SMSY00032,0.9981433142876704
SMSY00055,SMSY00055,0.9693961910574073
SMSY00141,SMSY00141,0.9999998706018448
SMSY00197,SMSY00199,0.5797346684347856
SMSY00150,SMSY00215,0.18758258516164833
SMSY00196,SMSY00196,0.9932032254370105
SMSY00069,SMSY00078,0.9197094578332816
SMSY00044,SMSY00044,0.9999927611422028
SMSY00068,SMSY00083,0.5319680400771873
SMSY00050,SMSY00050,0.9999926475018821
SMSY00142,SMSY00142,0.9999742194778832
SMSY00080,SMSY00081,0.5319443268033439
SMSY00183,SMSY00183,0.9954716846427882
SMSY00207,SMSY00020,0.40068122026785885
SMSY00233,SMSY00225,0.4293881303267858
SMSY00100,SMSY00100,0.9999692883277896
SMSY00147,SMSY00147,0.9999999999921869
SMSY00229,SMSY00229,0.7090548359045801
SMSY00034,SMSY00034,0.9999999946758178
SMSY00176,SMSY00176,0.9831452101119481
SMSY00095,SMSY00095,0.9995758600441095
SMSY00166,SMSY00166,0.9995068433194932
SMSY00194,SMSY00171,0.31595314661508594
SMSY00110,SMSY00110,0.9795103803204911
SMSY00146,SMSY00215,0.24201446547977007
SMSY00176,SMSY00176,0.9767467417079385
SMSY00161,SMSY00161,0.9998715584219956
SMSY00037,SMSY00037,0.9805275279889476
SMSY00125,SMSY00125,0.7794803632595506
SMSY00142,SMSY00142,0.9999920014090453
SMSY00211,SMSY00211,0.7314595119057866
SMSY00107,SMSY00106,0.8980328618514973
SMSY00147,SMSY00147,0.9999999999819797
SMSY00082,SMSY00067,0.428105252133787
SMSY00183,SMSY00175,0.8881225437256659
SMSY00027,SMSY00029,0.5726857335370842
SMSY00200,SMSY00118,0.5635357223510067
SMSY00190,SMSY00211,0.246859050026018
SMSY00097,SMSY00216,0.49771119216770326
SMSY00147,SMSY00147,0.9999999999607538
SMSY00220,SMSY00220,0.9341636066054055
SMSY00184,SMSY00184,0.8390304220977064
SMSY00031,SMSY00075,0.4656487914128927
SMSY00097,SMSY00101,0.2628777380032983
SMSY00030,SMSY00030,0.9090478315264087
SMSY00220,SMSY00220,0.9999619645390633
SMSY00207,SMSY00207,0.8116183281166328
SMSY00133,SMSY00133,0.9283934617643591
SMSY00225,SMSY00226,0.65028482535856
SMSY00076,SMSY00074,0.9119692704467199
SMSY00014,SMSY00027,0.2817209469574987
SMSY00047,SMSY00048,0.7197962225215052
SMSY00144,SMSY00144,0.9999892628714582
SMSY00058,SMSY00057,0.8792223083519853
SMSY00223,SMSY00171,0.29654769662227093
SMSY00209,SMSY00209,0.8570139216568579
SMSY00090,SMSY00139,0.6630280311358381
SMSY00213,SMSY00213,0.9999999387849052
SMSY00150,SMSY00150,0.275240163546139
SMSY00003,SMSY00003,0.9986463214685144
SMSY00180,SMSY00180,0.5808831213711524
SMSY00036,SMSY00036,0.9769125193744121
SMSY00196,SMSY00196,0.9854917527226129
SMSY00023,SMSY00023,0.9242136008662816
SMSY00202,SMSY00139,0.1133199692665111
SMSY00145,SMSY00145,0.9587411257816513
SMSY00210,SMSY00004,0.19955797387698784
SMSY00121,SMSY00060,0.6978077543568489
SMSY00013,SMSY00013,0.6094761944472028
SMSY00126,SMSY00126,0.9988740629139516
SMSY00031,SMSY00177,0.4160472909417403
SMSY00121,SMSY00121,0.4286026197221263
SMSY00064,SMSY00186,0.24907809621904242
SMSY00054,SMSY00171,0.6259140041795094
SMSY00178,SMSY00178,0.9999996702803456
SMSY00144,SMSY00144,0.9999619584987195
SMSY00107,SMSY00106,0.5951331302025362
SMSY00154,SMSY00093,0.2829548575968327
SMSY00045,SMSY00187,0.6259957557236664
SMSY00171,SMSY00171,0.40207858947543523
SMSY00021,SMSY00021,0.5426783379459175
SMSY00165,SMSY00165,0.7759451448605551
SMSY00127,SMSY00127,0.9999990777920369
SMSY00229,SMSY00229,0.9106348720644669
SMSY00091,SMSY00091,0.3505561640523553
SMSY00189,SMSY00189,0.8561026381441061
SMSY00137,SMSY00130,0.8204013294407577
SMSY00042,SMSY00042,0.994464127964904
SMSY00126,SMSY00126,0.9827014818177761
SMSY00071,SMSY00070,0.7992525188354935
SMSY00089,SMSY00089,0.3882039019175525
SMSY00050,SMSY00050,0.9999764268578266
SMSY00078,SMSY00078,0.5295143907365838
SMSY00185,SMSY00185,0.7483913399673398
SMSY00019,SMSY00019,0.3228666785584665
SMSY00020,SMSY00026,0.31366492333251833
SMSY00080,SMSY00081,0.6281334981721316
SMSY00172,SMSY00054,0.22236086465234342
SMSY00139,SMSY00139,0.7494439494980618
SMSY00130,SMSY00131,0.8969689786477573
SMSY00204,SMSY00204,0.9999919772182887
SMSY00110,SMSY00110,0.9434395129417269
SMSY00218,SMSY00217,0.9859082353256441
SMSY00070,SMSY00070,0.6974391353498598
SMSY00207,SMSY00020,0.17332019733439757
SMSY00158,SMSY00004,0.25925111041653087
SMSY00016,SMSY00016,0.9999999999999913
SMSY00011,SMSY00011,0.40782847346086604
SMSY00175,SMSY00175,0.9915093041438208
SMSY00116,SMSY00116,0.873573883860151
SMSY00109,SMSY00051,0.6129944621694438
SMSY00146,SMSY00149,0.23838693418040682
SMSY00112,SMSY00129,0.5461538827228472
SMSY00122,SMSY00122,0.880289276434934
SMSY00140,SMSY00130,0.5053355847097004
SMSY00142,SMSY00142,0.9995106913818
SMSY00047,SMSY00049,0.6735290265476205
SMSY00127,SMSY00127,0.999999994340024
SMSY00032,SMSY00032,0.27599607088596384
SMSY00020,SMSY00020,0.5242909424237037
SMSY00028,SMSY00028,0.8251146080195866
SMSY00209,SMSY00096,0.38500903820838966
SMSY00211,SMSY00211,0.6384007210928471
SMSY00070,SMSY00071,0.9241630435638304
SMSY00207,SMSY00004,0.23683352932233384
SMSY00073,SMSY00073,0.9999996557136015
SMSY00019,SMSY00019,0.9395617675095832
SMSY00097,SMSY00210,0.2425663932051896
SMSY00025,SMSY00025,0.9969922496638935
SMSY00198,SMSY00086,0.8943140901074577
SMSY00213,SMSY00213,0.9999994697061553
SMSY00039,SMSY00039,0.9996344131067163
SMSY00160,SMSY00160,0.3807648124732972
SMSY00086,SMSY00086,0.7857828044766797
SMSY00120,SMSY00061,0.30989488638961665
SMSY00084,SMSY00084,0.920144828672625
SMSY00048,SMSY00048,0.547701635612336
SMSY00197,SMSY00197,0.9518369085919514
SMSY00203,SMSY00203,0.9999715995888697
SMSY00008,SMSY00008,0.9999909280607304
SMSY00233,SMSY00233,0.6000378250662771
SMSY00134,SMSY00145,0.987121381224968
SMSY00226,SMSY00225,0.49815767496531094
SMSY00204,SMSY00204,0.999995130371374
SMSY00024,SMSY00024,0.7540165733756494
SMSY00173,SMSY00173,0.839356875375863
SMSY00014,SMSY00014,0.6796883238974598
SMSY00202,SMSY00096,0.11179476186662833
SMSY00228,SMSY00133,0.5372620635355608
SMSY00197,SMSY00197,0.9031028391886504
SMSY00172,SMSY00075,0.2527344094596937
SMSY00155,SMSY00154,0.7233718740169808
SMSY00053,SMSY00053,0.9998136906442964
SMSY00080,SMSY00080,0.9792452727551547
SMSY00099,SMSY00108,0.897662025408049
SMSY00150,SMSY00171,0.26970774019542054
SMSY00012,SMSY00012,0.9897268673343979
SMSY00113,SMSY00115,0.8683765242242357
SMSY00167,SMSY00167,0.8663093282524663
SMSY00137,SMSY00138,0.9872356162732446
SMSY00040,SMSY00038,0.8368763083529438
SMSY00163,SMSY00163,0.5227921257623308
SMSY00064,SMSY00216,0.585016383574264
SMSY00228,SMSY00133,0.47608732433790213
SMSY00099,SMSY00108,0.5450672652633043
SMSY00126,SMSY00126,0.995172003431879
SMSY00005,SMSY00005,0.9999997983570159
SMSY00098,SMSY00098,0.5355457139993812
SMSY00116,SMSY00116,0.8870287503753441
SMSY00143,SMSY00143,0.9999999459088262
SMSY00092,SMSY00129,0.3503988010642821
SMSY00196,SMSY00196,0.9999544272956714
SMSY00065,SMSY00082,0.5143006852750808
SMSY00176,SMSY00176,0.9810085025676248
SMSY00188,SMSY00188,0.9762835191056305
SMSY00026,SMSY00162,0.20190875098777603
SMSY00199,SMSY00199,0.9907991070923867
SMSY00209,SMSY00209,0.8570139216568579
SMSY00207,SMSY00207,0.4510555917932895
SMSY00132,SMSY00018,0.8408900162744555
SMSY00105,SMSY00105,0.8841801771766334
SMSY00070,SMSY00071,0.5037043318581684
SMSY00202,SMSY00202,0.630118221866691
SMSY00052,SMSY00052,0.9583431323953682
SMSY00184,SMSY00174,0.5492456751350392
SMSY00075,SMSY00139,0.2044402711340702
SMSY00086,SMSY00086,0.6695091142505779
SMSY00161,SMSY00161,0.9999999663025878
SMSY00118,SMSY00061,0.6154557849745408
SMSY00048,SMSY00049,0.6830281778797317
SMSY00150,SMSY00194,0.4511621985639131
SMSY00144,SMSY00144,0.9999966658588985
SMSY00029,SMSY00027,0.5746799216340098
SMSY00094,SMSY00094,0.5001898638300906
SMSY00056,SMSY00056,0.9999999999990838
SMSY00107,SMSY00106,0.9202711801659276
SMSY00128,SMSY00130,0.9019806706971668
SMSY00022,SMSY00022,0.6937499960590225
SMSY00045,SMSY00055,0.45606990901187455
SMSY00122,SMSY00121,0.4279629339587006
SMSY00200,SMSY00121,0.40413318606064447
SMSY00017,SMSY00195,0.21209015287046193
SMSY00201,SMSY00201,0.9999981962163855
SMSY00161,SMSY00161,0.9999999985923822
SMSY00109,SMSY00109,0.8132926288408369
SMSY00024,SMSY00024,0.5111064204789612
SMSY00216,SMSY00216,0.8019802242363512
SMSY00134,SMSY00145,0.9988263371647348
SMSY00132,SMSY00132,0.819750181076697
SMSY00055,SMSY00055,0.44694883340871827
SMSY00215,SMSY00186,0.6835233309331286
SMSY00170,SMSY00170,0.9941275125676848
SMSY00121,SMSY00120,0.8878672338086906
SMSY00180,SMSY00180,0.609402104844095
SMSY00222,SMSY00222,0.9969687205502301
SMSY00094,SMSY00094,0.9379418933187453
SMSY00061,SMSY00118,0.6389911356339771
SMSY00028,SMSY00028,0.7835582802531632
SMSY00113,SMSY00113,0.9605361087861113
SMSY00112,SMSY00171,0.13779317049106896
SMSY00085,SMSY00085,0.6228490319601983
SMSY00109,SMSY00109,0.6294945610628312
SMSY00043,SMSY00043,0.9999820453402414
SMSY00226,SMSY00225,0.9267402129667915
SMSY00056,SMSY00056,0.9999999988549877
SMSY00061,SMSY00118,0.890618204993793
SMSY00122,SMSY00120,0.7618538287851694
SMSY00047,SMSY00049,0.9194562968725741
SMSY00026,SMSY00026,0.7788181752386163
SMSY00081,SMSY00081,0.6631378066573159
SMSY00101,SMSY00101,0.544092256587503
SMSY00045,SMSY00157,0.6101010110939458
SMSY00045,SMSY00187,0.4977277207853492
SMSY00038,SMSY00038,0.787847450755061
SMSY00011,SMSY00011,0.49408990355956206
SMSY00184,SMSY00184,0.8475573564544091
SMSY00101,SMSY00101,0.5620193190730882
SMSY00158,SMSY00158,0.504736904168126
SMSY00109,SMSY00109,0.4694277294893299
SMSY00222,SMSY00222,0.9995053758822903
SMSY00198,SMSY00198,0.422533931844495
SMSY00013,SMSY00162,0.5564886322779239
SMSY00037,SMSY00037,0.4485001506274921
SMSY00001,SMSY00001,0.9989710243554973
SMSY00127,SMSY00127,0.9999999983143342
SMSY00094,SMSY00089,0.4336922788526064
SMSY00028,SMSY00028,0.8783910923332415
SMSY00148,SMSY00148,0.999229490762372
SMSY00046,SMSY00046,0.9991867042656674
SMSY00034,SMSY00034,0.9999998096712397
SMSY00016,SMSY00016,0.9999999999988609
SMSY00047,SMSY00049,0.9197399943789372
SMSY00149,SMSY00149,0.24973102504508685
SMSY00038,SMSY00040,0.4261218903191578
SMSY00193,SMSY00186,0.6703563222436973
SMSY00115,SMSY00113,0.733719000577
SMSY00127,SMSY00127,0.9999977091766429
SMSY00177,SMSY00171,0.32150529838461656
SMSY00138,SMSY00138,0.431920536107413
SMSY00039,SMSY00039,0.8239388682059173
SMSY00188,SMSY00149,0.6269457592554615
SMSY00018,SMSY00132,0.6824173288621943
SMSY00147,SMSY00147,0.9999886008560787
SMSY00105,SMSY00105,0.7880627622543959
SMSY00048,SMSY00049,0.7958297506264042
SMSY00036,SMSY00191,0.24605282130551404
SMSY00143,SMSY00143,0.9999999996796485
SMSY00065,SMSY00067,0.46963779274579703
SMSY00195,SMSY00186,0.21285480272241197
SMSY00152,SMSY00152,0.49516170293384426
SMSY00069,SMSY00078,0.9520274573919604
SMSY00196,SMSY00196,0.9889226124403959
SMSY00161,SMSY00161,0.9997475439454537
SMSY00214,SMSY00215,0.4596530714010082
SMSY00006,SMSY00192,0.905338849971782
SMSY00189,SMSY00171,0.35030173225517297
SMSY00100,SMSY00100,0.9999558312126035
SMSY00098,SMSY00109,0.5623617505086507
SMSY00172,SMSY00139,0.5634226357953436
SMSY00225,SMSY00225,0.7970465130144857
SMSY00045,SMSY00187,0.353712347950888
SMSY00086,SMSY00017,0.5493459335562534
SMSY00135,SMSY00135,0.9892616570094517
SMSY00012,SMSY00012,0.6691907082972516
SMSY00189,SMSY00189,0.6799986428826353
SMSY00161,SMSY00161,0.9999999960559782
SMSY00189,SMSY00149,0.6813998271369631
SMSY00160,SMSY00020,0.23855912361687967
SMSY00168,SMSY00167,0.8339374552691299
SMSY00074,SMSY00074,0.9854456000574191
SMSY00155,SMSY00155,0.9757455573144852
SMSY00093,SMSY00093,0.39739407867615956
SMSY00189,SMSY00189,0.47227659974789304
SMSY00132,SMSY00018,0.9107405677721964
SMSY00077,SMSY00077,0.8002152981929144
SMSY00103,SMSY00101,0.2628777380032983
SMSY00011,SMSY00015,0.43785429135983656
SMSY00086,SMSY00086,0.6641036777391918
SMSY00106,SMSY00093,0.7074728866432831
SMSY00070,SMSY00071,0.7992668296902316
SMSY00147,SMSY00147,0.9999999999777125
SMSY00003,SMSY00003,0.9979495957926899
SMSY00033,SMSY00033,0.9999999518531587
SMSY00141,SMSY00141,0.9999999984099195
SMSY00079,SMSY00079,0.9968150067858381
SMSY00058,SMSY00059,0.38030496076631015
SMSY00124,SMSY00124,0.5121417346123954
SMSY00016,SMSY00016,0.9999999613330605
SMSY00114,SMSY00116,0.9548716712894628
SMSY00100,SMSY00100,0.9997719385434832
SMSY00155,SMSY00155,0.5967110020234764
SMSY00186,SMSY00186,0.6835233309331286
SMSY00140,SMSY00131,0.5570143175489468
SMSY00188,SMSY00188,0.8915795148520762
SMSY00088,SMSY00088,0.9976866708323717
SMSY00213,SMSY00213,0.9999994675873757
SMSY00111,SMSY00111,0.5323008002024672
SMSY00130,SMSY00140,0.4453697806754588
SMSY00150,SMSY00177,0.29029572144468874
SMSY00226,SMSY00225,0.8777958075257081
SMSY00039,SMSY00039,0.922274117047147
SMSY00028,SMSY00028,0.8056533631295378
SMSY00215,SMSY00215,0.4596530714010082
SMSY00090,SMSY00090,0.9828455479574985
SMSY00010,SMSY00011,0.49408990355956206
SMSY00101,SMSY00004,0.19720023914860374
SMSY00082,SMSY00082,0.6445062759541881
SMSY00046,SMSY00046,0.9999951904527319
SMSY00226,SMSY00133,0.8373248015304651
SMSY00181,SMSY00075,0.37353208310440794
SMSY00222,SMSY00222,0.9995747963014103
SMSY00039,SMSY00039,0.9484510204159083
SMSY00133,SMSY00133,0.910791817226289
SMSY00207,SMSY00004,0.5083149104318752
SMSY00090,SMSY00090,0.7446280022080717
SMSY00007,SMSY00162,0.7914361979228858
SMSY00093,SMSY00093,0.4228046627825004
SMSY00079,SMSY00079,0.5501226357984358
SMSY00122,SMSY00122,0.8837516616695783
SMSY00091,SMSY00215,0.46234325686934874
SMSY00137,SMSY00138,0.7722515648398811
SMSY00151,SMSY00151,0.7062675593863231
SMSY00087,SMSY00087,0.4452659217718006
SMSY00090,SMSY00090,0.9932940658237368
SMSY00011,SMSY00010,0.452904996461532
SMSY00129,SMSY00129,0.3503988010642821
SMSY00097,SMSY00007,0.24077639321849797
SMSY00197,SMSY00199,0.7513903193872726
SMSY00133,SMSY00133,0.8063132788824369
SMSY00134,SMSY00145,0.9290007418266686
SMSY00032,SMSY00032,0.9997903159517251
SMSY00108,SMSY00108,0.929107790350458
SMSY00155,SMSY00216,0.7554423497518671
SMSY00190,SMSY00190,0.5918347624392603
SMSY00165,SMSY00163,0.5625088571576303
SMSY00053,SMSY00053,0.9992884618115164
SMSY00198,SMSY00086,0.7284008457183558
SMSY00045,SMSY00157,0.32584418208238125
SMSY00030,SMSY00030,0.4791012597318977
SMSY00049,SMSY00048,0.8075273493836989
SMSY00002,SMSY00075,0.32379159465141405
SMSY00025,SMSY00025,0.9993709609454307
SMSY00052,SMSY00052,0.9841698850477558
SMSY00076,SMSY00076,0.9133540618944597
SMSY00087,SMSY00089,0.4074731686116083
SMSY00119,SMSY00149,0.1911235887854793
SMSY00202,SMSY00202,0.46264501260636715
SMSY00064,SMSY00111,0.22548582760373448
SMSY00047,SMSY00049,0.9296371785640487
SMSY00132,SMSY00018,0.5376464762786228
SMSY00006,SMSY00192,0.16008037277334522
SMSY00173,SMSY00173,0.9801796979282925
SMSY00214,SMSY00215,0.4596530714010082
SMSY00179,SMSY00179,0.9984907766824194
SMSY00002,SMSY00075,0.340246551269307
SMSY00127,SMSY00127,0.9999809222630996
SMSY00229,SMSY00229,0.5429976494284293
SMSY00123,SMSY00121,0.6664595903384266
SMSY00089,SMSY00089,0.39615389510607296
SMSY00055,SMSY00055,0.7517665322647806
SMSY00042,SMSY00042,0.999774026170159
SMSY00007,SMSY00007,0.4231850948492481
SMSY00118,SMSY00061,0.5110302707133588
SMSY00169,SMSY00169,0.7594446841402478
SMSY00181,SMSY00231,0.9999999999980096
SMSY00168,SMSY00168,0.6050402500769451
SMSY00006,SMSY00192,0.49132129244070577
SMSY00085,SMSY00084,0.7412770070156024
SMSY00143,SMSY00143,0.9999999984803238
SMSY00204,SMSY00204,0.9999997230029295
SMSY00065,SMSY00068,0.4808821720341626
SMSY00189,SMSY00189,0.8010558288158895
SMSY00077,SMSY00096,0.26563290067088896
SMSY00059,SMSY00059,0.9954307035817522
SMSY00056,SMSY00056,0.9999999931241466
SMSY00143,SMSY00143,0.9999999921273962
SMSY00198,SMSY00086,0.38315926549722523
SMSY00097,SMSY00075,0.17150812059939338
SMSY00034,SMSY00034,0.9999996846835597
SMSY00172,SMSY00215,0.3304253438001526
SMSY00169,SMSY00169,0.9477767610395282
SMSY00108,SMSY00108,0.5185525558439364
SMSY00060,SMSY00122,0.6994797649493675
SMSY00110,SMSY00105,0.5836562503128963
SMSY00217,SMSY00218,0.7775161858163081
SMSY00167,SMSY00167,0.8663093282524663
SMSY00139,SMSY00139,0.9398337566281247
SMSY00225,SMSY00225,0.7775961102530411
SMSY00173,SMSY00173,0.8388249043577726
SMSY00210,SMSY00171,0.24801544536467282
SMSY00154,SMSY00154,0.5285220961409601
SMSY00031,SMSY00129,0.2737268121886837
SMSY00024,SMSY00024,0.8747575439694042
SMSY00034,SMSY00034,0.9999999999620073
SMSY00134,SMSY00145,0.9819718126289655
SMSY00134,SMSY00145,0.9951376179457344
SMSY00164,SMSY00165,0.7539414889007717
SMSY00178,SMSY00178,0.9999899356797161
SMSY00167,SMSY00167,0.8663093282524663
SMSY00040,SMSY00038,0.8740015895227456
SMSY00170,SMSY00170,0.9958946892141285
SMSY00118,SMSY00123,0.8262046824245244
SMSY00222,SMSY00030,0.26929169685906845
SMSY00228,SMSY00133,0.5087198695489459
SMSY00143,SMSY00143,0.9999999999995641
SMSY00068,SMSY00082,0.3862582355309653
SMSY00002,SMSY00004,0.18527528875206292
SMSY00101,SMSY00101,0.562594298778918
SMSY00043,SMSY00162,0.6783581082058058
SMSY00095,SMSY00095,0.9991865484287463
SMSY00041,SMSY00038,0.5832762290461078
SMSY00157,SMSY00158,0.504736904168126
SMSY00148,SMSY00148,0.9024597002783541
SMSY00212,SMSY00212,0.9990953008857663
SMSY00219,SMSY00186,0.24907809621904242
SMSY00121,SMSY00060,0.48986770201780383
SMSY00081,SMSY00080,0.8570692320704322
SMSY00143,SMSY00143,0.9998592349930951
SMSY00153,SMSY00186,0.1215633402097273
SMSY00058,SMSY00057,0.8866332387474625
SMSY00016,SMSY00016,0.9999999999928626
SMSY00208,SMSY00208,0.7461584114388327
SMSY00035,SMSY00035,0.9999977199122859
SMSY00177,SMSY00129,0.3348681884506129
SMSY00020,SMSY00020,0.6544728888305171
SMSY00198,SMSY00086,0.8967233884629153
SMSY00061,SMSY00061,0.7816238335222033
SMSY00203,SMSY00203,0.9999807386419941
SMSY00013,SMSY00013,0.5222121747432147
SMSY00066,SMSY00066,0.4591076510880659
SMSY00041,SMSY00038,0.8915030230125844
SMSY00158,SMSY00157,0.5655322105226848
SMSY00112,SMSY00004,0.16467358606160534
SMSY00012,SMSY00012,0.9793072838212769
SMSY00090,SMSY00090,0.9734977788165851
SMSY00227,SMSY00225,0.9219566254151335
SMSY00162,SMSY00162,0.1596996892569979
SMSY00146,SMSY00149,0.4697643776630922
SMSY00145,SMSY00145,0.9945459646183364
SMSY00071,SMSY00070,0.8417194370347633
SMSY00204,SMSY00204,0.9963563066660354
SMSY00107,SMSY00106,0.837136482862865
SMSY00216,SMSY00017,0.42312919315293723
SMSY00040,SMSY00040,0.8233974001583282
SMSY00035,SMSY00035,0.9999999511295414
SMSY00012,SMSY00012,0.9707238637279785
SMSY00019,SMSY00019,0.9395632990868217
SMSY00013,SMSY00013,0.6404888273868008
SMSY00123,SMSY00061,0.7945700736482745
SMSY00224,SMSY00224,0.6951180824675229
SMSY00021,SMSY00021,0.6801916669397667
SMSY00014,SMSY00064,0.1169504681795922
SMSY00223,SMSY00223,0.2608378437201952
SMSY00029,SMSY00029,0.5408345357313026
SMSY00101,SMSY00103,0.2731542754357252
SMSY00219,SMSY00186,0.236970668787974
SMSY00182,SMSY00182,0.9284551609783275
SMSY00152,SMSY00152,0.8165493774488588
SMSY00081,SMSY00081,0.6128076422770949
SMSY00168,SMSY00167,0.8663093282524663
SMSY00083,SMSY00082,0.5816836255408228
SMSY00103,SMSY00101,0.5660883902937593
SMSY00136,SMSY00136,0.9995098472814891
SMSY00219,SMSY00186,0.21965542852477507
SMSY00099,SMSY00099,0.5394382499501927
SMSY00136,SMSY00136,0.9999892915693142
SMSY00166,SMSY00166,0.9999458082371817
SMSY00179,SMSY00179,0.9968536852639612
SMSY00034,SMSY00034,0.9999998527094863
SMSY00218,SMSY00217,0.8674456658721
SMSY00037,SMSY00037,0.9867126582676707
SMSY00150,SMSY00162,0.1945709800634896
SMSY00049,SMSY00049,0.7095309069765416
SMSY00034,SMSY00034,0.9999489648655032
SMSY00064,SMSY00064,0.4509696546049259
SMSY00128,SMSY00131,0.8199238237278693
SMSY00104,SMSY00105,0.9100380888635405
SMSY00033,SMSY00033,0.9999999624968635
SMSY00037,SMSY00037,0.9879148723705857
SMSY00194,SMSY00194,0.7069255325843554
SMSY00135,SMSY00135,0.9838987066795097
SMSY00114,SMSY00116,0.8632776994414842
SMSY00046,SMSY00046,0.9999474564747782
SMSY00034,SMSY00034,0.9999942166855876
SMSY00114,SMSY00115,0.637622443681405
SMSY00090,SMSY00090,0.9791452325758252
SMSY00016,SMSY00016,0.9999999878743088
SMSY00121,SMSY00123,0.47818441306398995
SMSY00041,SMSY00038,0.845550774158644
SMSY00026,SMSY00149,0.29961300874182617
SMSY00092,SMSY00064,0.581268455857701
SMSY00096,SMSY00096,0.3187209534085685
SMSY00120,SMSY00120,0.447786728087944
SMSY00174,SMSY00174,0.99934713648246
SMSY00103,SMSY00187,0.5153268344219684
SMSY00223,SMSY00223,0.5577109782032081
SMSY00124,SMSY00125,0.9926643268869788
SMSY00095,SMSY00095,0.9877414593831763
SMSY00136,SMSY00136,0.9999821352492683
SMSY00071,SMSY00071,0.5818631174369218
SMSY00049,SMSY00048,0.3942042631366826
SMSY00115,SMSY00115,0.8069812896085108
SMSY00124,SMSY00124,0.5982920758426614
SMSY00051,SMSY00051,0.9998301277529259
SMSY00079,SMSY00079,0.9983895701752531
SMSY00028,SMSY00028,0.9251545468864664
SMSY00134,SMSY00145,0.9502899563278523
SMSY00145,SMSY00145,0.9696050184900116
SMSY00114,SMSY00113,0.645867309465106
SMSY00216,SMSY00215,0.20717198075562462
SMSY00154,SMSY00216,0.7554423497518671
SMSY00209,SMSY00209,0.498461814052674
SMSY00032,SMSY00032,0.9518918407059154
SMSY00120,SMSY00121,0.4052945201910229
SMSY00166,SMSY00166,0.9658044063184047
SMSY00128,SMSY00130,0.6056704926053533
SMSY00031,SMSY00064,0.22484645623939306
SMSY00129,SMSY00129,0.8864882710757995
SMSY00013,SMSY00013,0.3745919769592268
SMSY00157,SMSY00157,0.4873597697711838
SMSY00055,SMSY00055,0.9693961910574073
SMSY00214,SMSY00215,0.24201446547977007
SMSY00132,SMSY00018,0.9087736948336032
SMSY00015,SMSY00010,0.43315144233286
SMSY00083,SMSY00067,0.5540122774602138
SMSY00159,SMSY00159,0.1757477947494634
SMSY00123,SMSY00118,0.6020096769339053
SMSY00112,SMSY00149,0.31782122228733245
SMSY00033,SMSY00033,0.9999999991551896
SMSY00159,SMSY00159,0.5609993984996086
SMSY00134,SMSY00145,0.9974908684305934
SMSY00183,SMSY00175,0.8260226994040432
SMSY00104,SMSY00105,0.7992354940270952
SMSY00051,SMSY00051,0.7990437474665952
SMSY00194,SMSY00150,0.7218381422782737
SMSY00194,SMSY00194,0.24209807956683138
SMSY00223,SMSY00223,0.9127178801042604
SMSY00232,SMSY00225,0.3942813344851225
SMSY00058,SMSY00059,0.5894873447748957
SMSY00201,SMSY00201,0.9999989320332784
SMSY00195,SMSY00195,0.750120917358996
SMSY00130,SMSY00130,0.5084456504767998
SMSY00023,SMSY00023,0.9242136008662816
SMSY00039,SMSY00039,0.9997633208217811
SMSY00141,SMSY00141,0.9999971496204435
SMSY00024,SMSY00210,0.28594688906757376
SMSY00015,SMSY00015,0.6293186982381787
SMSY00137,SMSY00138,0.8819539764059302
SMSY00023,SMSY00186,0.2989841236601944
SMSY00135,SMSY00156,0.8251760625139879
SMSY00066,SMSY00002,0.2388058813080476
SMSY00138,SMSY00131,0.4274307464949897
SMSY00069,SMSY00078,0.8506404613264776
SMSY00077,SMSY00077,0.9287540520053759
SMSY00040,SMSY00038,0.6143941857450231
SMSY00102,SMSY00102,0.9998939136067911
SMSY00098,SMSY00109,0.6630867725295458
SMSY00190,SMSY00190,0.4361268452135977
SMSY00189,SMSY00189,0.8010558288158895
SMSY00071,SMSY00071,0.6575072977226396
SMSY00063,SMSY00004,0.2287599000498834
SMSY00057,SMSY00057,0.5077452671191276
SMSY00070,SMSY00070,0.7837333274788214
SMSY00054,SMSY00054,0.22236086465234342
SMSY00194,SMSY00064,0.4810013130722763
SMSY00160,SMSY00160,0.3807648124732972
SMSY00129,SMSY00129,0.7112223222720788
SMSY00126,SMSY00126,0.9881682651638733
SMSY00137,SMSY00137,0.6336957305877473
SMSY00083,SMSY00082,0.4803111828188395
SMSY00114,SMSY00116,0.9730426432601569
SMSY00159,SMSY00167,0.9063148020623184
SMSY00016,SMSY00016,0.9999999977853244
SMSY00202,SMSY00186,0.1848229164680361
SMSY00001,SMSY00001,0.9998748298651513
SMSY00202,SMSY00004,0.6341239371681187
SMSY00027,SMSY00011,0.38822111556614236
SMSY00107,SMSY00106,0.8980328618514973
SMSY00019,SMSY00019,0.9414885117935676
SMSY00092,SMSY00216,0.29555128816321924
SMSY00063,SMSY00063,0.2887116433403774
SMSY00010,SMSY00096,0.3187209534085685
SMSY00152,SMSY00152,0.9834386264682432
SMSY00170,SMSY00170,0.9999857264972579
SMSY00188,SMSY00188,0.9857475034904691
SMSY00045,SMSY00195,0.4989075766018588
SMSY00165,SMSY00163,0.7255502260905402
SMSY00069,SMSY00078,0.9986395198951109
SMSY00010,SMSY00011,0.4032002351538597
SMSY00049,SMSY00048,0.5928602814574483
SMSY00006,SMSY00192,0.35816063155210875
SMSY00111,SMSY00186,0.23950542720956228
SMSY00021,SMSY00021,0.6496013252462205
SMSY00195,SMSY00195,0.4663204329186394
SMSY00010,SMSY00075,0.17953166039789478
SMSY00101,SMSY00101,0.24753170178928366
SMSY00132,SMSY00018,0.545488887450735
SMSY00003,SMSY00162,0.17910574015244696
SMSY00156,SMSY00156,0.7678123734826332
SMSY00199,SMSY00199,0.9941185127523269
SMSY00191,SMSY00191,0.6754013978728507
SMSY00103,SMSY00101,0.5660883902937593
SMSY00214,SMSY00075,0.6535787468327899
SMSY00001,SMSY00001,0.9999703477837372
SMSY00035,SMSY00035,0.999998940987016
SMSY00097,SMSY00075,0.3057040051228814
SMSY00147,SMSY00147,0.9999999999999978
SMSY00120,SMSY00060,0.9273818281508512
SMSY00180,SMSY00079,0.7006855636234847
SMSY00099,SMSY00099,0.9436534776652655
SMSY00210,SMSY00149,0.1497775649219724
SMSY00200,SMSY00120,0.4252036389256036
SMSY00181,SMSY00181,0.5788973153329284
SMSY00100,SMSY00100,0.9966170423288007
SMSY00200,SMSY00200,0.9899779034255043
SMSY00137,SMSY00138,0.8845234717055185
SMSY00153,SMSY00004,0.24579246776125258
SMSY00087,SMSY00087,0.2031299070418763
SMSY00155,SMSY00155,0.9165446374722725
SMSY00218,SMSY00217,0.9158620473263632
SMSY00197,SMSY00197,0.889430251448006
SMSY00185,SMSY00185,0.9517434426309784
SMSY00231,SMSY00231,0.9999999929532908
SMSY00088,SMSY00088,0.9998148734498649
SMSY00224,SMSY00224,0.9281913621459383
SMSY00065,SMSY00068,0.4665135755731604
SMSY00027,SMSY00015,0.6178334560642161
SMSY00083,SMSY00082,0.8527975486229207
SMSY00232,SMSY00232,0.3944853815831292
SMSY00205,SMSY00205,0.3631890273832412
SMSY00092,SMSY00075,0.4093829068778747
SMSY00106,SMSY00093,0.7074728866432831
SMSY00100,SMSY00100,0.9998142608965167
SMSY00138,SMSY00137,0.848272271622762
SMSY00207,SMSY00207,0.6398914368538247
SMSY00174,SMSY00174,0.9271666165549937
SMSY00022,SMSY00021,0.9304616513340662
SMSY00094,SMSY00094,0.9572163681967834
SMSY00231,SMSY00231,0.9999999999998417
SMSY00069,SMSY00078,0.9979616854878804
SMSY00187,SMSY00004,0.21546772096786743
SMSY00214,SMSY00215,0.24201446547977007
SMSY00063,SMSY00096,0.2614925912412212
SMSY00010,SMSY00011,0.4988283262682888
SMSY00123,SMSY00061,0.996241399768474
SMSY00112,SMSY00171,0.3033104313704767
SMSY00204,SMSY00204,0.9997727043843893
SMSY00159,SMSY00159,0.5609993984996086
SMSY00178,SMSY00178,0.9999996702803456
SMSY00067,SMSY00067,0.3668871346065004
SMSY00205,SMSY00205,0.9879457879536413
SMSY00063,SMSY00063,0.262475704594186
SMSY00219,SMSY00162,0.20190875098777603
SMSY00045,SMSY00157,0.33842735838961696
SMSY00153,SMSY00075,0.31520729152278126
SMSY00114,SMSY00115,0.7709403858665811
SMSY00020,SMSY00096,0.35844185001734497
SMSY00029,SMSY00029,0.3998785081732578
SMSY00080,SMSY00080,0.5274832550466573
SMSY00085,SMSY00084,0.8562135747760464
SMSY00226,SMSY00232,0.33690998183887416
SMSY00098,SMSY00098,0.9955567283818206
SMSY00029,SMSY00027,0.5746799216340098
SMSY00005,SMSY00005,0.9999432168655392
SMSY00005,SMSY00005,0.9999992596849355
SMSY00113,SMSY00115,0.4980525916771368
SMSY00047,SMSY00048,0.46607906609304783
SMSY00048,SMSY00049,0.9745176686446769
SMSY00212,SMSY00212,0.9997860961031695
SMSY00231,SMSY00231,0.9999999998442022
SMSY00052,SMSY00052,0.9837334093747094
SMSY00161,SMSY00161,0.9999997907264284
SMSY00158,SMSY00158,0.42929315391764894
SMSY00154,SMSY00154,0.7253966098702394
SMSY00089,SMSY00089,0.8291363078239562
SMSY00127,SMSY00127,0.9997024390487484
SMSY00023,SMSY00055,0.589234195479704
SMSY00114,SMSY00114,0.416094207210244
SMSY00076,SMSY00074,0.9627868110875258
SMSY00153,SMSY00091,0.24194159569373241
SMSY00049,SMSY00049,0.7034688731130192
SMSY00003,SMSY00003,0.4908456551454699
SMSY00153,SMSY00093,0.1656326740284452
SMSY00047,SMSY00049,0.7824861448120547
SMSY00020,SMSY00004,0.27314592467114934
SMSY00200,SMSY00061,0.3206045940260182
SMSY00094,SMSY00190,0.45841051233686864
SMSY00185,SMSY00004,0.21342437855530666
SMSY00114,SMSY00115,0.4895564677545673
SMSY00012,SMSY00012,0.9881048505461084
SMSY00022,SMSY00022,0.8621357840659465
SMSY00103,SMSY00101,0.5660883902937593
SMSY00197,SMSY00197,0.9756867057436865
SMSY00003,SMSY00003,0.9625549968404544
SMSY00227,SMSY00225,0.4402521390428321
SMSY00226,SMSY00232,0.6287001117434642
SMSY00048,SMSY00049,0.4433701172846126
SMSY00224,SMSY00224,0.9286415258355579
SMSY00087,SMSY00087,0.4452659217718006
SMSY00112,SMSY00112,0.24415475887566168
SMSY00176,SMSY00176,0.9767467417079385
SMSY00042,SMSY00042,0.9998240469369185
SMSY00049,SMSY00049,0.6871542400358905
SMSY00047,SMSY00049,0.9288592587827694
SMSY00102,SMSY00102,0.9956538077904821
SMSY00173,SMSY00173,0.9277363332306607
SMSY00054,SMSY00096,0.30933547953940366
SMSY00176,SMSY00175,0.831182441628508
SMSY00140,SMSY00131,0.6574706725962715
SMSY00066,SMSY00066,0.9217699704435587
SMSY00150,SMSY00150,0.4403756939140892
SMSY00112,SMSY00186,0.6703563222436973
SMSY00134,SMSY00145,0.9689920606057656
SMSY00080,SMSY00081,0.7528872719442203
SMSY00114,SMSY00116,0.9007830006899465
SMSY00181,SMSY00139,0.8254632805383441
SMSY00029,SMSY00186,0.23802977220750718
SMSY00001,SMSY00001,0.9992514445612406
SMSY00053,SMSY00053,0.980824830868502
SMSY00104,SMSY00104,0.8929064592647056
SMSY00047,SMSY00049,0.9174510112429014
SMSY00195,SMSY00195,0.5227865249646165
SMSY00211,SMSY00190,0.378201113341377
SMSY00126,SMSY00126,0.9802710254249445
SMSY00087,SMSY00087,0.40051275739418946
SMSY00078,SMSY00078,0.892416454327029
SMSY00060,SMSY00200,0.6727242477040483
SMSY00007,SMSY00007,0.5151253613388755
SMSY00069,SMSY00078,0.6589823485794117
SMSY00201,SMSY00201,0.9999929087648805
SMSY00216,SMSY00101,0.5733244854430658
SMSY00138,SMSY00138,0.6685525575712364
SMSY00031,SMSY00075,0.4682152011866652
SMSY00148,SMSY00148,0.9999993968257864
SMSY00107,SMSY00106,0.9001744081731802
SMSY00227,SMSY00232,0.7028912257132098
SMSY00042,SMSY00042,0.9998240469369185
SMSY00160,SMSY00160,0.42440969906752973
SMSY00102,SMSY00102,0.9974003145646255
SMSY00121,SMSY00121,0.5804613975449234
SMSY00059,SMSY00059,0.8969271283596655
SMSY00065,SMSY00068,0.5433772037962784
SMSY00146,SMSY00042,0.9939737204320368
SMSY00179,SMSY00179,0.9910747803330232
SMSY00066,SMSY00066,0.3873033908750314
SMSY00054,SMSY00171,0.3850645759322679
SMSY00068,SMSY00068,0.5744197056533785
SMSY00220,SMSY00220,0.9999785039872587
SMSY00180,SMSY00180,0.5633340116571095
SMSY00010,SMSY00011,0.5958494601740725
SMSY00065,SMSY00162,0.2458544560093809
SMSY00028,SMSY00028,0.9050667561872922
SMSY00112,SMSY00186,0.24907809621904242
SMSY00123,SMSY00123,0.9857838260846463
SMSY00078,SMSY00078,0.9778228074794394
SMSY00109,SMSY00109,0.9863410054362236
SMSY00222,SMSY00222,0.8641565040245074
SMSY00032,SMSY00032,0.6481518884215993
SMSY00116,SMSY00116,0.6898676487290347
SMSY00190,SMSY00190,0.3334261956829829
SMSY00207,SMSY00004,0.38352817876801615
SMSY00118,SMSY00061,0.9279144977352491
SMSY00044,SMSY00044,0.9998870079028126
SMSY00081,SMSY00080,0.8773569395451353
SMSY00198,SMSY00086,0.13127368913447943
SMSY00203,SMSY00203,0.9999997221734281
SMSY00172,SMSY00004,0.28798555420972244
SMSY00220,SMSY00220,0.99993258185174
SMSY00229,SMSY00229,0.8990825764912365
SMSY00174,SMSY00174,0.9945667377403024
SMSY00077,SMSY00149,0.4469506343880122
SMSY00085,SMSY00084,0.8116944461704392
SMSY00020,SMSY00020,0.2330353746920016
SMSY00098,SMSY00098,0.6627312723806351
SMSY00193,SMSY00007,0.15818905004344117
SMSY00180,SMSY00063,0.40891375920418876
SMSY00081,SMSY00087,0.3595445108229476
SMSY00169,SMSY00169,0.9975986924724602
SMSY00092,SMSY00064,0.27779259167674614
SMSY00124,SMSY00124,0.5674386820743259
SMSY00025,SMSY00025,0.9988083072569433
