Syndrome_id,Herb_id
SMSY00001,SMHB00174
SMSY00003,SMHB00169
SMSY00003,SMHB00187
SMSY00004,SMHB00336
SMSY00005,SMHB00534
SMSY00005,SMHB00536
SMSY00006,SMHB00131
SMSY00008,SMHB00095
SMSY00008,SMHB00024
SMSY00009,SMHB00041
SMSY00009,SMHB00336
SMSY00009,SMHB00096
SMSY00009,SMHB00299
SMSY00009,SMHB00103
SMSY00009,SMHB00391
SMSY00009,SMHB00392
SMSY00009,SMHB00306
SMSY00009,SMHB00361
SMSY00009,SMHB00512
SMSY00009,SMHB00143
SMSY00009,SMHB00350
SMSY00009,SMHB00377
SMSY00009,SMHB00468
SMSY00009,SMHB00482
SMSY00009,SMHB00169
SMSY00009,SMHB00423
SMSY00009,SMHB00580
SMSY00009,SMHB00185
SMSY00009,SMHB00187
SMSY00009,SMHB00648
SMSY00010,SMHB00193
SMSY00010,SMHB00200
SMSY00010,SMHB00663
SMSY00011,SMHB00277
SMSY00011,SMHB00212
SMSY00011,SMHB00224
SMSY00011,SMHB00625
SMSY00012,SMHB00429
SMSY00013,SMHB00101
SMSY00013,SMHB00428
SMSY00014,SMHB00098
SMSY00014,SMHB00482
SMSY00014,SMHB00542
SMSY00014,SMHB00699
SMSY00014,SMHB00202
SMSY00014,SMHB00131
SMSY00015,SMHB00202
SMSY00016,SMHB00085
SMSY00016,SMHB00551
SMSY00016,SMHB00558
SMSY00017,SMHB00085
SMSY00017,SMHB00551
SMSY00017,SMHB00558
SMSY00018,SMHB00336
SMSY00018,SMHB00007
SMSY00018,SMHB00665
SMSY00018,SMHB00340
SMSY00018,SMHB00002
SMSY00018,SMHB00053
SMSY00018,SMHB00363
SMSY00018,SMHB00131
SMSY00018,SMHB00658
SMSY00019,SMHB00415
SMSY00019,SMHB00389
SMSY00019,SMHB00042
SMSY00020,SMHB00246
SMSY00020,SMHB00519
SMSY00020,SMHB00617
SMSY00020,SMHB00316
SMSY00020,SMHB00418
SMSY00020,SMHB00395
SMSY00020,SMHB00076
SMSY00020,SMHB00151
SMSY00020,SMHB00383
SMSY00020,SMHB00156
SMSY00020,SMHB00113
SMSY00020,SMHB00425
SMSY00020,SMHB00322
SMSY00020,SMHB00174
SMSY00020,SMHB00052
SMSY00020,SMHB00051
SMSY00020,SMHB00055
SMSY00020,SMHB00054
SMSY00020,SMHB00618
SMSY00020,SMHB00043
SMSY00020,SMHB00138
SMSY00020,SMHB00112
SMSY00020,SMHB00131
SMSY00020,SMHB00433
SMSY00020,SMHB00434
SMSY00021,SMHB00054
SMSY00021,SMHB00618
SMSY00022,SMHB00043
SMSY00023,SMHB00151
SMSY00024,SMHB00415
SMSY00024,SMHB00389
SMSY00024,SMHB00043
SMSY00024,SMHB00042
SMSY00024,SMHB00233
SMSY00026,SMHB00004
SMSY00026,SMHB00043
SMSY00026,SMHB00055
SMSY00026,SMHB00076
SMSY00026,SMHB00174
SMSY00026,SMHB00219
SMSY00026,SMHB00239
SMSY00026,SMHB00418
SMSY00026,SMHB00437
SMSY00027,SMHB00035
SMSY00027,SMHB00180
SMSY00027,SMHB00201
SMSY00027,SMHB00273
SMSY00027,SMHB00367
SMSY00027,SMHB00625
SMSY00028,SMHB00534
SMSY00028,SMHB00536
SMSY00029,SMHB00136
SMSY00030,SMHB00398
SMSY00031,SMHB00113
SMSY00032,SMHB00186
SMSY00033,SMHB00244
SMSY00033,SMHB00581
SMSY00034,SMHB00604
SMSY00035,SMHB00569
SMSY00036,SMHB00593
SMSY00037,SMHB00131
SMSY00038,SMHB00061
SMSY00038,SMHB00062
SMSY00038,SMHB00188
SMSY00038,SMHB00288
SMSY00038,SMHB00459
SMSY00038,SMHB00151
SMSY00038,SMHB00434
SMSY00038,SMHB00435
SMSY00038,SMHB00161
SMSY00038,SMHB00009
SMSY00038,SMHB00309
SMSY00038,SMHB00509
SMSY00038,SMHB00046
SMSY00038,SMHB00650
SMSY00038,SMHB00675
SMSY00038,SMHB00676
SMSY00039,SMHB00309
SMSY00039,SMHB00151
SMSY00040,SMHB00337
SMSY00040,SMHB00109
SMSY00040,SMHB00262
SMSY00040,SMHB00161
SMSY00040,SMHB00329
SMSY00041,SMHB00329
SMSY00043,SMHB00167
SMSY00044,SMHB00344
SMSY00044,SMHB00245
SMSY00044,SMHB00093
SMSY00044,SMHB00414
SMSY00044,SMHB00415
SMSY00044,SMHB00501
SMSY00044,SMHB00502
SMSY00044,SMHB00341
SMSY00044,SMHB00128
SMSY00044,SMHB00096
SMSY00044,SMHB00004
SMSY00044,SMHB00148
SMSY00044,SMHB00109
SMSY00044,SMHB00140
SMSY00044,SMHB00035
SMSY00044,SMHB00171
SMSY00044,SMHB00622
SMSY00044,SMHB00418
SMSY00044,SMHB00506
SMSY00044,SMHB00084
SMSY00044,SMHB00397
SMSY00044,SMHB00553
SMSY00044,SMHB00387
SMSY00044,SMHB00447
SMSY00044,SMHB00437
SMSY00044,SMHB00358
SMSY00044,SMHB00515
SMSY00044,SMHB00360
SMSY00044,SMHB00359
SMSY00044,SMHB00518
SMSY00044,SMHB00072
SMSY00044,SMHB00136
SMSY00044,SMHB00451
SMSY00044,SMHB00095
SMSY00044,SMHB00442
SMSY00044,SMHB00650
SMSY00044,SMHB00417
SMSY00044,SMHB00474
SMSY00044,SMHB00289
SMSY00044,SMHB00292
SMSY00044,SMHB00485
SMSY00044,SMHB00486
SMSY00044,SMHB00155
SMSY00044,SMHB00279
SMSY00044,SMHB00688
SMSY00044,SMHB00221
SMSY00044,SMHB00389
SMSY00044,SMHB00380
SMSY00044,SMHB00277
SMSY00044,SMHB00480
SMSY00044,SMHB00452
SMSY00044,SMHB00642
SMSY00044,SMHB00537
SMSY00044,SMHB00646
SMSY00044,SMHB00504
SMSY00044,SMHB00286
SMSY00044,SMHB00278
SMSY00044,SMHB00092
SMSY00044,SMHB00408
SMSY00044,SMHB00133
SMSY00044,SMHB00020
SMSY00044,SMHB00022
SMSY00044,SMHB00021
SMSY00044,SMHB00456
SMSY00044,SMHB00355
SMSY00044,SMHB00666
SMSY00044,SMHB00577
SMSY00044,SMHB00463
SMSY00044,SMHB00340
SMSY00044,SMHB00339
SMSY00044,SMHB00178
SMSY00044,SMHB00052
SMSY00044,SMHB00229
SMSY00044,SMHB00602
SMSY00044,SMHB00129
SMSY00044,SMHB00054
SMSY00044,SMHB00618
SMSY00044,SMHB00239
SMSY00044,SMHB00043
SMSY00044,SMHB00042
SMSY00044,SMHB00234
SMSY00044,SMHB00218
SMSY00044,SMHB00649
SMSY00044,SMHB00440
SMSY00044,SMHB00669
SMSY00044,SMHB00684
SMSY00044,SMHB00691
SMSY00044,SMHB00595
SMSY00044,SMHB00582
SMSY00044,SMHB00470
SMSY00044,SMHB00203
SMSY00044,SMHB00609
SMSY00044,SMHB00625
SMSY00044,SMHB00122
SMSY00044,SMHB00131
SMSY00044,SMHB00064
SMSY00044,SMHB00330
SMSY00044,SMHB00471
SMSY00044,SMHB00433
SMSY00044,SMHB00436
SMSY00044,SMHB00434
SMSY00044,SMHB00432
SMSY00044,SMHB00137
SMSY00044,SMHB00191
SMSY00044,SMHB00272
SMSY00044,SMHB00645
SMSY00044,SMHB00184
SMSY00044,SMHB00187
SMSY00044,SMHB00165
SMSY00045,SMHB00152
SMSY00046,SMHB00414
SMSY00046,SMHB00336
SMSY00046,SMHB00337
SMSY00046,SMHB00096
SMSY00046,SMHB00148
SMSY00046,SMHB00109
SMSY00046,SMHB00604
SMSY00046,SMHB00035
SMSY00046,SMHB00084
SMSY00046,SMHB00553
SMSY00046,SMHB00515
SMSY00046,SMHB00359
SMSY00046,SMHB00451
SMSY00046,SMHB00095
SMSY00046,SMHB00292
SMSY00046,SMHB00486
SMSY00046,SMHB00155
SMSY00046,SMHB00480
SMSY00046,SMHB00685
SMSY00046,SMHB00537
SMSY00046,SMHB00576
SMSY00046,SMHB00646
SMSY00046,SMHB00504
SMSY00046,SMHB00632
SMSY00046,SMHB00133
SMSY00046,SMHB00022
SMSY00046,SMHB00021
SMSY00046,SMHB00456
SMSY00046,SMHB00355
SMSY00046,SMHB00579
SMSY00046,SMHB00169
SMSY00046,SMHB00340
SMSY00046,SMHB00052
SMSY00046,SMHB00129
SMSY00046,SMHB00239
SMSY00046,SMHB00595
SMSY00046,SMHB00423
SMSY00046,SMHB00582
SMSY00046,SMHB00122
SMSY00046,SMHB00064
SMSY00046,SMHB00433
SMSY00046,SMHB00432
SMSY00046,SMHB00184
SMSY00046,SMHB00185
SMSY00046,SMHB00187
SMSY00046,SMHB00593
SMSY00047,SMHB00096
SMSY00047,SMHB00678
SMSY00047,SMHB00544
SMSY00048,SMHB00336
SMSY00049,SMHB00685
SMSY00050,SMHB00310
SMSY00050,SMHB00496
SMSY00050,SMHB00497
SMSY00050,SMHB00063
SMSY00050,SMHB00318
SMSY00050,SMHB00415
SMSY00050,SMHB00135
SMSY00050,SMHB00211
SMSY00050,SMHB00472
SMSY00050,SMHB00473
SMSY00050,SMHB00319
SMSY00050,SMHB00035
SMSY00050,SMHB00364
SMSY00050,SMHB00075
SMSY00050,SMHB00694
SMSY00050,SMHB00390
SMSY00050,SMHB00552
SMSY00050,SMHB00640
SMSY00050,SMHB00273
SMSY00050,SMHB00248
SMSY00050,SMHB00286
SMSY00050,SMHB00020
SMSY00050,SMHB00001
SMSY00050,SMHB00690
SMSY00050,SMHB00078
SMSY00050,SMHB00665
SMSY00050,SMHB00495
SMSY00050,SMHB00574
SMSY00050,SMHB00579
SMSY00050,SMHB00340
SMSY00050,SMHB00230
SMSY00050,SMHB00247
SMSY00050,SMHB00670
SMSY00050,SMHB00595
SMSY00050,SMHB00423
SMSY00050,SMHB00692
SMSY00050,SMHB00651
SMSY00050,SMHB00202
SMSY00050,SMHB00607
SMSY00050,SMHB00625
SMSY00050,SMHB00461
SMSY00051,SMHB00003
SMSY00051,SMHB00048
SMSY00051,SMHB00149
SMSY00051,SMHB00528
SMSY00051,SMHB00538
SMSY00051,SMHB00432
SMSY00051,SMHB00702
SMSY00052,SMHB00297
SMSY00052,SMHB00388
SMSY00053,SMHB00082
SMSY00053,SMHB00632
SMSY00056,SMHB00688
SMSY00057,SMHB00190
SMSY00058,SMHB00096
SMSY00058,SMHB00336
SMSY00058,SMHB00337
SMSY00058,SMHB00391
SMSY00058,SMHB00445
SMSY00058,SMHB00041
SMSY00058,SMHB00299
SMSY00058,SMHB00350
SMSY00058,SMHB00040
SMSY00058,SMHB00386
SMSY00058,SMHB00347
SMSY00058,SMHB00512
SMSY00058,SMHB00541
SMSY00058,SMHB00635
SMSY00058,SMHB00580
SMSY00059,SMHB00470
SMSY00061,SMHB00655
SMSY00062,SMHB00461
SMSY00063,SMHB00620
SMSY00063,SMHB00033
SMSY00063,SMHB00284
SMSY00063,SMHB00445
SMSY00063,SMHB00659
SMSY00063,SMHB00422
SMSY00063,SMHB00065
SMSY00063,SMHB00326
SMSY00064,SMHB00168
SMSY00064,SMHB00065
SMSY00064,SMHB00280
SMSY00064,SMHB00284
SMSY00064,SMHB00422
SMSY00064,SMHB00033
SMSY00064,SMHB00326
SMSY00064,SMHB00445
SMSY00064,SMHB00620
SMSY00064,SMHB00659
SMSY00065,SMHB00241
SMSY00066,SMHB00241
SMSY00067,SMHB00024
SMSY00068,SMHB00329
SMSY00069,SMHB00309
SMSY00069,SMHB00151
SMSY00069,SMHB00355
SMSY00069,SMHB00112
SMSY00070,SMHB00309
SMSY00070,SMHB00509
SMSY00070,SMHB00151
SMSY00070,SMHB00459
SMSY00070,SMHB00112
SMSY00070,SMHB00188
SMSY00071,SMHB00309
SMSY00071,SMHB00509
SMSY00071,SMHB00151
SMSY00071,SMHB00112
SMSY00072,SMHB00171
SMSY00073,SMHB00503
SMSY00073,SMHB00475
SMSY00073,SMHB00098
SMSY00073,SMHB00148
SMSY00073,SMHB00140
SMSY00073,SMHB00039
SMSY00073,SMHB00369
SMSY00073,SMHB00368
SMSY00073,SMHB00366
SMSY00073,SMHB00034
SMSY00073,SMHB00405
SMSY00073,SMHB00104
SMSY00073,SMHB00080
SMSY00073,SMHB00426
SMSY00073,SMHB00087
SMSY00073,SMHB00085
SMSY00073,SMHB00073
SMSY00073,SMHB00071
SMSY00073,SMHB00049
SMSY00073,SMHB00562
SMSY00073,SMHB00598
SMSY00073,SMHB00650
SMSY00073,SMHB00291
SMSY00073,SMHB00585
SMSY00073,SMHB00058
SMSY00073,SMHB00483
SMSY00073,SMHB00081
SMSY00073,SMHB00379
SMSY00073,SMHB00631
SMSY00073,SMHB00660
SMSY00073,SMHB00675
SMSY00073,SMHB00676
SMSY00073,SMHB00445
SMSY00073,SMHB00016
SMSY00073,SMHB00013
SMSY00073,SMHB00018
SMSY00073,SMHB00025
SMSY00073,SMHB00001
SMSY00073,SMHB00373
SMSY00073,SMHB00541
SMSY00073,SMHB00542
SMSY00073,SMHB00371
SMSY00073,SMHB00325
SMSY00073,SMHB00324
SMSY00073,SMHB00195
SMSY00073,SMHB00566
SMSY00073,SMHB00493
SMSY00073,SMHB00575
SMSY00073,SMHB00261
SMSY00073,SMHB00121
SMSY00073,SMHB00699
SMSY00073,SMHB00172
SMSY00073,SMHB00601
SMSY00073,SMHB00217
SMSY00073,SMHB00218
SMSY00073,SMHB00263
SMSY00073,SMHB00679
SMSY00073,SMHB00197
SMSY00073,SMHB00677
SMSY00073,SMHB00177
SMSY00073,SMHB00066
SMSY00073,SMHB00240
SMSY00073,SMHB00403
SMSY00073,SMHB00453
SMSY00073,SMHB00205
SMSY00073,SMHB00207
SMSY00073,SMHB00607
SMSY00073,SMHB00332
SMSY00073,SMHB00329
SMSY00073,SMHB00191
SMSY00073,SMHB00702
SMSY00073,SMHB00580
SMSY00073,SMHB00184
SMSY00073,SMHB00188
SMSY00073,SMHB00647
SMSY00073,SMHB00186
SMSY00073,SMHB00251
SMSY00075,SMHB00647
SMSY00076,SMHB00186
SMSY00077,SMHB00035
SMSY00077,SMHB00554
SMSY00077,SMHB00201
SMSY00078,SMHB00052
SMSY00079,SMHB00622
SMSY00079,SMHB00084
SMSY00080,SMHB00085
SMSY00080,SMHB00364
SMSY00080,SMHB00357
SMSY00080,SMHB00075
SMSY00080,SMHB00483
SMSY00080,SMHB00279
SMSY00081,SMHB00357
SMSY00082,SMHB00244
SMSY00083,SMHB00284
SMSY00083,SMHB00445
SMSY00083,SMHB00065
SMSY00084,SMHB00413
SMSY00084,SMHB00038
SMSY00084,SMHB00366
SMSY00084,SMHB00426
SMSY00084,SMHB00089
SMSY00084,SMHB00087
SMSY00084,SMHB00364
SMSY00084,SMHB00514
SMSY00084,SMHB00075
SMSY00084,SMHB00520
SMSY00084,SMHB00598
SMSY00084,SMHB00058
SMSY00084,SMHB00660
SMSY00084,SMHB00445
SMSY00084,SMHB00023
SMSY00084,SMHB00026
SMSY00084,SMHB00541
SMSY00084,SMHB00542
SMSY00084,SMHB00566
SMSY00084,SMHB00667
SMSY00084,SMHB00493
SMSY00084,SMHB00668
SMSY00084,SMHB00217
SMSY00084,SMHB00263
SMSY00084,SMHB00679
SMSY00084,SMHB00453
SMSY00084,SMHB00207
SMSY00084,SMHB00268
SMSY00084,SMHB00580
SMSY00084,SMHB00188
SMSY00084,SMHB00648
SMSY00084,SMHB00251
SMSY00085,SMHB00648
SMSY00086,SMHB00364
SMSY00086,SMHB00075
SMSY00087,SMHB00186
SMSY00087,SMHB00255
SMSY00087,SMHB00303
SMSY00087,SMHB00335
SMSY00087,SMHB00085
SMSY00087,SMHB00140
SMSY00087,SMHB00148
SMSY00087,SMHB00172
SMSY00087,SMHB00184
SMSY00087,SMHB00483
SMSY00087,SMHB00183
SMSY00087,SMHB00278
SMSY00087,SMHB00281
SMSY00087,SMHB00325
SMSY00087,SMHB00449
SMSY00087,SMHB00121
SMSY00087,SMHB00482
SMSY00087,SMHB00392
SMSY00087,SMHB00503
SMSY00087,SMHB00413
SMSY00087,SMHB00038
SMSY00087,SMHB00071
SMSY00087,SMHB00650
SMSY00087,SMHB00585
SMSY00087,SMHB00081
SMSY00087,SMHB00026
SMSY00087,SMHB00668
SMSY00087,SMHB00601
SMSY00087,SMHB00263
SMSY00087,SMHB00188
SMSY00087,SMHB00648
SMSY00088,SMHB00588
SMSY00088,SMHB00040
SMSY00088,SMHB00391
SMSY00088,SMHB00528
SMSY00088,SMHB00398
SMSY00088,SMHB00392
SMSY00088,SMHB00003
SMSY00088,SMHB00514
SMSY00088,SMHB00598
SMSY00088,SMHB00483
SMSY00088,SMHB00389
SMSY00088,SMHB00303
SMSY00088,SMHB00654
SMSY00088,SMHB00445
SMSY00088,SMHB00018
SMSY00088,SMHB00482
SMSY00088,SMHB00541
SMSY00088,SMHB00542
SMSY00088,SMHB00491
SMSY00088,SMHB00168
SMSY00088,SMHB00699
SMSY00088,SMHB00538
SMSY00088,SMHB00255
SMSY00088,SMHB00227
SMSY00088,SMHB00056
SMSY00088,SMHB00247
SMSY00088,SMHB00469
SMSY00088,SMHB00207
SMSY00088,SMHB00635
SMSY00088,SMHB00638
SMSY00088,SMHB00449
SMSY00088,SMHB00702
SMSY00089,SMHB00445
SMSY00091,SMHB00040
SMSY00091,SMHB00391
SMSY00091,SMHB00541
SMSY00091,SMHB00635
SMSY00092,SMHB00588
SMSY00092,SMHB00528
SMSY00092,SMHB00398
SMSY00092,SMHB00303
SMSY00092,SMHB00538
SMSY00092,SMHB00469
SMSY00092,SMHB00702
SMSY00093,SMHB00303
SMSY00093,SMHB00420
SMSY00093,SMHB00500
SMSY00093,SMHB00110
SMSY00093,SMHB00319
SMSY00093,SMHB00398
SMSY00093,SMHB00364
SMSY00093,SMHB00075
SMSY00093,SMHB00220
SMSY00093,SMHB00674
SMSY00093,SMHB00170
SMSY00093,SMHB00546
SMSY00093,SMHB00549
SMSY00093,SMHB00028
SMSY00093,SMHB00491
SMSY00093,SMHB00566
SMSY00093,SMHB00495
SMSY00093,SMHB00262
SMSY00093,SMHB00628
SMSY00093,SMHB00062
SMSY00093,SMHB00061
SMSY00093,SMHB00210
SMSY00093,SMHB00465
SMSY00095,SMHB00366
SMSY00095,SMHB00426
SMSY00095,SMHB00087
SMSY00095,SMHB00364
SMSY00095,SMHB00075
SMSY00095,SMHB00058
SMSY00095,SMHB00660
SMSY00095,SMHB00445
SMSY00095,SMHB00120
SMSY00095,SMHB00541
SMSY00095,SMHB00542
SMSY00095,SMHB00566
SMSY00095,SMHB00493
SMSY00095,SMHB00308
SMSY00095,SMHB00256
SMSY00095,SMHB00217
SMSY00095,SMHB00679
SMSY00095,SMHB00453
SMSY00095,SMHB00207
SMSY00095,SMHB00580
SMSY00095,SMHB00188
SMSY00095,SMHB00251
SMSY00097,SMHB00147
SMSY00097,SMHB00253
SMSY00097,SMHB00310
SMSY00097,SMHB00029
SMSY00097,SMHB00260
SMSY00097,SMHB00351
SMSY00097,SMHB00297
SMSY00097,SMHB00482
SMSY00097,SMHB00070
SMSY00097,SMHB00185
SMSY00097,SMHB00392
SMSY00097,SMHB00040
SMSY00097,SMHB00311
SMSY00097,SMHB00455
SMSY00097,SMHB00512
SMSY00097,SMHB00384
SMSY00097,SMHB00687
SMSY00097,SMHB00548
SMSY00097,SMHB00547
SMSY00097,SMHB00596
SMSY00097,SMHB00580
SMSY00098,SMHB00035
SMSY00098,SMHB00003
SMSY00098,SMHB00010
SMSY00098,SMHB00048
SMSY00098,SMHB00131
SMSY00098,SMHB00385
SMSY00099,SMHB00303
SMSY00099,SMHB00394
SMSY00099,SMHB00496
SMSY00099,SMHB00497
SMSY00099,SMHB00010
SMSY00099,SMHB00131
SMSY00099,SMHB00234
SMSY00099,SMHB00526
SMSY00099,SMHB00364
SMSY00099,SMHB00075
SMSY00099,SMHB00491
SMSY00099,SMHB00402
SMSY00100,SMHB00001
SMSY00100,SMHB00019
SMSY00100,SMHB00028
SMSY00100,SMHB00035
SMSY00100,SMHB00050
SMSY00100,SMHB00064
SMSY00100,SMHB00118
SMSY00100,SMHB00128
SMSY00100,SMHB00133
SMSY00100,SMHB00146
SMSY00100,SMHB00181
SMSY00100,SMHB00216
SMSY00100,SMHB00220
SMSY00100,SMHB00221
SMSY00100,SMHB00222
SMSY00100,SMHB00230
SMSY00100,SMHB00231
SMSY00100,SMHB00251
SMSY00100,SMHB00273
SMSY00100,SMHB00285
SMSY00100,SMHB00298
SMSY00100,SMHB00301
SMSY00100,SMHB00319
SMSY00100,SMHB00353
SMSY00100,SMHB00436
SMSY00100,SMHB00446
SMSY00100,SMHB00490
SMSY00100,SMHB00495
SMSY00100,SMHB00498
SMSY00100,SMHB00011
SMSY00100,SMHB00173
SMSY00100,SMHB00202
SMSY00100,SMHB00402
SMSY00101,SMHB00554
SMSY00102,SMHB00402
SMSY00103,SMHB00623
SMSY00104,SMHB00486
SMSY00105,SMHB00201
SMSY00106,SMHB00364
SMSY00106,SMHB00075
SMSY00106,SMHB00481
SMSY00106,SMHB00566
SMSY00106,SMHB00669
SMSY00107,SMHB00028
SMSY00107,SMHB00061
SMSY00107,SMHB00062
SMSY00107,SMHB00146
SMSY00107,SMHB00147
SMSY00107,SMHB00210
SMSY00107,SMHB00220
SMSY00107,SMHB00303
SMSY00107,SMHB00319
SMSY00107,SMHB00491
SMSY00107,SMHB00495
SMSY00107,SMHB00465
SMSY00107,SMHB00398
SMSY00107,SMHB00500
SMSY00107,SMHB00110
SMSY00107,SMHB00364
SMSY00107,SMHB00075
SMSY00107,SMHB00674
SMSY00107,SMHB00170
SMSY00107,SMHB00546
SMSY00107,SMHB00549
SMSY00107,SMHB00566
SMSY00107,SMHB00262
SMSY00107,SMHB00628
SMSY00108,SMHB00489
SMSY00108,SMHB00128
SMSY00108,SMHB00319
SMSY00108,SMHB00181
SMSY00108,SMHB00035
SMSY00108,SMHB00091
SMSY00108,SMHB00364
SMSY00108,SMHB00075
SMSY00108,SMHB00446
SMSY00108,SMHB00694
SMSY00108,SMHB00216
SMSY00108,SMHB00220
SMSY00108,SMHB00231
SMSY00108,SMHB00353
SMSY00108,SMHB00552
SMSY00108,SMHB00273
SMSY00108,SMHB00301
SMSY00108,SMHB00303
SMSY00108,SMHB00285
SMSY00108,SMHB00546
SMSY00108,SMHB00146
SMSY00108,SMHB00133
SMSY00108,SMHB00019
SMSY00108,SMHB00001
SMSY00108,SMHB00539
SMSY00108,SMHB00490
SMSY00108,SMHB00495
SMSY00108,SMHB00498
SMSY00108,SMHB00230
SMSY00108,SMHB00651
SMSY00108,SMHB00202
SMSY00108,SMHB00607
SMSY00108,SMHB00064
SMSY00108,SMHB00436
SMSY00108,SMHB00118
SMSY00109,SMHB00588
SMSY00109,SMHB00398
SMSY00109,SMHB00303
SMSY00109,SMHB00491
SMSY00109,SMHB00566
SMSY00109,SMHB00628
SMSY00110,SMHB00345
SMSY00110,SMHB00093
SMSY00110,SMHB00336
SMSY00110,SMHB00500
SMSY00110,SMHB00464
SMSY00110,SMHB00110
SMSY00110,SMHB00319
SMSY00110,SMHB00039
SMSY00110,SMHB00315
SMSY00110,SMHB00517
SMSY00110,SMHB00507
SMSY00110,SMHB00091
SMSY00110,SMHB00085
SMSY00110,SMHB00395
SMSY00110,SMHB00398
SMSY00110,SMHB00527
SMSY00110,SMHB00364
SMSY00110,SMHB00522
SMSY00110,SMHB00523
SMSY00110,SMHB00515
SMSY00110,SMHB00360
SMSY00110,SMHB00075
SMSY00110,SMHB00077
SMSY00110,SMHB00505
SMSY00110,SMHB00152
SMSY00110,SMHB00474
SMSY00110,SMHB00486
SMSY00110,SMHB00182
SMSY00110,SMHB00220
SMSY00110,SMHB00536
SMSY00110,SMHB00353
SMSY00110,SMHB00478
SMSY00110,SMHB00674
SMSY00110,SMHB00254
SMSY00110,SMHB00304
SMSY00110,SMHB00303
SMSY00110,SMHB00489
SMSY00110,SMHB00170
SMSY00110,SMHB00549
SMSY00110,SMHB00370
SMSY00110,SMHB00491
SMSY00110,SMHB00566
SMSY00110,SMHB00495
SMSY00110,SMHB00579
SMSY00110,SMHB00262
SMSY00110,SMHB00628
SMSY00110,SMHB00117
SMSY00110,SMHB00312
SMSY00110,SMHB00569
SMSY00110,SMHB00424
SMSY00110,SMHB00031
SMSY00110,SMHB00065
SMSY00110,SMHB00062
SMSY00110,SMHB00061
SMSY00110,SMHB00469
SMSY00110,SMHB00210
SMSY00110,SMHB00597
SMSY00110,SMHB00465
SMSY00110,SMHB00187
SMSY00110,SMHB00165
SMSY00111,SMHB00022
SMSY00111,SMHB00035
SMSY00111,SMHB00446
SMSY00111,SMHB00202
SMSY00111,SMHB00129
SMSY00111,SMHB00155
SMSY00111,SMHB00315
SMSY00111,SMHB00425
SMSY00111,SMHB00047
SMSY00111,SMHB00159
SMSY00111,SMHB00232
SMSY00111,SMHB00318
SMSY00111,SMHB00480
SMSY00111,SMHB00485
SMSY00111,SMHB00135
SMSY00111,SMHB00171
SMSY00111,SMHB00211
SMSY00111,SMHB00472
SMSY00111,SMHB00473
SMSY00111,SMHB00060
SMSY00113,SMHB00060
SMSY00114,SMHB00485
SMSY00115,SMHB00211
SMSY00115,SMHB00318
SMSY00115,SMHB00135
SMSY00115,SMHB00574
SMSY00115,SMHB00472
SMSY00116,SMHB00446
SMSY00116,SMHB00202
SMSY00117,SMHB00168
SMSY00117,SMHB00584
SMSY00117,SMHB00153
SMSY00118,SMHB00584
SMSY00119,SMHB00559
SMSY00119,SMHB00567
SMSY00120,SMHB00346
SMSY00120,SMHB00345
SMSY00120,SMHB00093
SMSY00120,SMHB00336
SMSY00120,SMHB00500
SMSY00120,SMHB00464
SMSY00120,SMHB00039
SMSY00120,SMHB00315
SMSY00120,SMHB00517
SMSY00120,SMHB00507
SMSY00120,SMHB00427
SMSY00120,SMHB00085
SMSY00120,SMHB00395
SMSY00120,SMHB00527
SMSY00120,SMHB00522
SMSY00120,SMHB00523
SMSY00120,SMHB00515
SMSY00120,SMHB00360
SMSY00120,SMHB00077
SMSY00120,SMHB00505
SMSY00120,SMHB00152
SMSY00120,SMHB00474
SMSY00120,SMHB00182
SMSY00120,SMHB00536
SMSY00120,SMHB00353
SMSY00120,SMHB00478
SMSY00120,SMHB00685
SMSY00120,SMHB00254
SMSY00120,SMHB00304
SMSY00120,SMHB00303
SMSY00120,SMHB00445
SMSY00120,SMHB00456
SMSY00120,SMHB00370
SMSY00120,SMHB00579
SMSY00120,SMHB00129
SMSY00120,SMHB00117
SMSY00120,SMHB00312
SMSY00120,SMHB00569
SMSY00120,SMHB00424
SMSY00120,SMHB00031
SMSY00120,SMHB00065
SMSY00120,SMHB00469
SMSY00120,SMHB00461
SMSY00120,SMHB00597
SMSY00120,SMHB00655
SMSY00120,SMHB00702
SMSY00120,SMHB00187
SMSY00120,SMHB00165
SMSY00121,SMHB00077
SMSY00121,SMHB00129
SMSY00121,SMHB00155
SMSY00121,SMHB00194
SMSY00121,SMHB00427
SMSY00121,SMHB00461
SMSY00122,SMHB00345
SMSY00122,SMHB00093
SMSY00122,SMHB00341
SMSY00122,SMHB00500
SMSY00122,SMHB00464
SMSY00122,SMHB00039
SMSY00122,SMHB00315
SMSY00122,SMHB00517
SMSY00122,SMHB00507
SMSY00122,SMHB00427
SMSY00122,SMHB00085
SMSY00122,SMHB00395
SMSY00122,SMHB00527
SMSY00122,SMHB00522
SMSY00122,SMHB00523
SMSY00122,SMHB00515
SMSY00122,SMHB00360
SMSY00122,SMHB00077
SMSY00122,SMHB00505
SMSY00122,SMHB00152
SMSY00122,SMHB00474
SMSY00122,SMHB00182
SMSY00122,SMHB00536
SMSY00122,SMHB00353
SMSY00122,SMHB00277
SMSY00122,SMHB00478
SMSY00122,SMHB00685
SMSY00122,SMHB00254
SMSY00122,SMHB00304
SMSY00122,SMHB00303
SMSY00122,SMHB00334
SMSY00122,SMHB00001
SMSY00122,SMHB00370
SMSY00122,SMHB00579
SMSY00122,SMHB00425
SMSY00122,SMHB00584
SMSY00122,SMHB00321
SMSY00122,SMHB00129
SMSY00122,SMHB00117
SMSY00122,SMHB00312
SMSY00122,SMHB00569
SMSY00122,SMHB00422
SMSY00122,SMHB00424
SMSY00122,SMHB00031
SMSY00122,SMHB00065
SMSY00122,SMHB00469
SMSY00122,SMHB00461
SMSY00122,SMHB00597
SMSY00122,SMHB00655
SMSY00122,SMHB00702
SMSY00122,SMHB00187
SMSY00122,SMHB00165
SMSY00123,SMHB00321
SMSY00123,SMHB00345
SMSY00123,SMHB00341
SMSY00123,SMHB00039
SMSY00123,SMHB00315
SMSY00123,SMHB00517
SMSY00123,SMHB00507
SMSY00123,SMHB00085
SMSY00123,SMHB00522
SMSY00123,SMHB00523
SMSY00123,SMHB00515
SMSY00123,SMHB00505
SMSY00123,SMHB00474
SMSY00123,SMHB00353
SMSY00123,SMHB00277
SMSY00123,SMHB00478
SMSY00123,SMHB00334
SMSY00123,SMHB00001
SMSY00123,SMHB00584
SMSY00123,SMHB00117
SMSY00123,SMHB00422
SMSY00124,SMHB00347
SMSY00124,SMHB00695
SMSY00124,SMHB00592
SMSY00125,SMHB00486
SMSY00126,SMHB00515
SMSY00126,SMHB00292
SMSY00126,SMHB00486
SMSY00126,SMHB00047
SMSY00126,SMHB00234
SMSY00127,SMHB00315
SMSY00127,SMHB00517
SMSY00128,SMHB00108
SMSY00128,SMHB00143
SMSY00128,SMHB00338
SMSY00128,SMHB00672
SMSY00128,SMHB00658
SMSY00128,SMHB00166
SMSY00129,SMHB00429
SMSY00130,SMHB00185
SMSY00131,SMHB00143
SMSY00131,SMHB00338
SMSY00131,SMHB00672
SMSY00131,SMHB00658
SMSY00131,SMHB00166
SMSY00132,SMHB00415
SMSY00132,SMHB00002
SMSY00133,SMHB00515
SMSY00133,SMHB00597
SMSY00134,SMHB00149
SMSY00135,SMHB00072
SMSY00135,SMHB00331
SMSY00135,SMHB00251
SMSY00136,SMHB00317
SMSY00136,SMHB00182
SMSY00136,SMHB00183
SMSY00136,SMHB00379
SMSY00136,SMHB00332
SMSY00136,SMHB00331
SMSY00136,SMHB00251
SMSY00137,SMHB00114
SMSY00137,SMHB00115
SMSY00137,SMHB00069
SMSY00137,SMHB00443
SMSY00137,SMHB00407
SMSY00137,SMHB00656
SMSY00138,SMHB00215
SMSY00140,SMHB00283
SMSY00140,SMHB00306
SMSY00140,SMHB00350
SMSY00140,SMHB00377
SMSY00142,SMHB00128
SMSY00142,SMHB00387
SMSY00142,SMHB00436
SMSY00143,SMHB00379
SMSY00143,SMHB00332
SMSY00144,SMHB00283
SMSY00144,SMHB00306
SMSY00144,SMHB00281
SMSY00144,SMHB00350
SMSY00144,SMHB00377
SMSY00144,SMHB00215
SMSY00145,SMHB00072
SMSY00145,SMHB00149
SMSY00145,SMHB00065
SMSY00145,SMHB00199
SMSY00145,SMHB00432
SMSY00145,SMHB00272
SMSY00146,SMHB00072
SMSY00147,SMHB00432
SMSY00148,SMHB00259
SMSY00149,SMHB00570
SMSY00149,SMHB00659
SMSY00149,SMHB00680
SMSY00149,SMHB00141
SMSY00150,SMHB00696
SMSY00151,SMHB00183
SMSY00151,SMHB00303
SMSY00152,SMHB00450
SMSY00152,SMHB00589
SMSY00152,SMHB00391
SMSY00152,SMHB00512
SMSY00152,SMHB00095
SMSY00152,SMHB00030
SMSY00152,SMHB00162
SMSY00152,SMHB00390
SMSY00152,SMHB00350
SMSY00152,SMHB00190
SMSY00152,SMHB00548
SMSY00152,SMHB00547
SMSY00152,SMHB00482
SMSY00152,SMHB00497
SMSY00152,SMHB00260
SMSY00152,SMHB00338
SMSY00152,SMHB00230
SMSY00152,SMHB00053
SMSY00152,SMHB00684
SMSY00152,SMHB00470
SMSY00152,SMHB00672
SMSY00152,SMHB00580
SMSY00152,SMHB00166
SMSY00153,SMHB00395
SMSY00154,SMHB00019
SMSY00155,SMHB00050
SMSY00155,SMHB00057
SMSY00155,SMHB00096
SMSY00155,SMHB00103
SMSY00155,SMHB00119
SMSY00155,SMHB00147
SMSY00155,SMHB00168
SMSY00155,SMHB00177
SMSY00155,SMHB00188
SMSY00155,SMHB00251
SMSY00155,SMHB00255
SMSY00155,SMHB00289
SMSY00155,SMHB00310
SMSY00155,SMHB00335
SMSY00155,SMHB00353
SMSY00155,SMHB00381
SMSY00155,SMHB00389
SMSY00155,SMHB00399
SMSY00155,SMHB00420
SMSY00155,SMHB00087
SMSY00155,SMHB00206
SMSY00155,SMHB00260
SMSY00155,SMHB00269
SMSY00155,SMHB00308
SMSY00155,SMHB00351
SMSY00155,SMHB00374
SMSY00155,SMHB00247
SMSY00155,SMHB00348
SMSY00155,SMHB00297
SMSY00155,SMHB00482
SMSY00155,SMHB00070
SMSY00155,SMHB00392
SMSY00155,SMHB00040
SMSY00155,SMHB00311
SMSY00155,SMHB00455
SMSY00155,SMHB00500
SMSY00155,SMHB00110
SMSY00155,SMHB00319
SMSY00155,SMHB00557
SMSY00155,SMHB00398
SMSY00155,SMHB00364
SMSY00155,SMHB00075
SMSY00155,SMHB00520
SMSY00155,SMHB00416
SMSY00155,SMHB00605
SMSY00155,SMHB00585
SMSY00155,SMHB00220
SMSY00155,SMHB00631
SMSY00155,SMHB00674
SMSY00155,SMHB00170
SMSY00155,SMHB00549
SMSY00155,SMHB00013
SMSY00155,SMHB00373
SMSY00155,SMHB00542
SMSY00155,SMHB00491
SMSY00155,SMHB00566
SMSY00155,SMHB00673
SMSY00155,SMHB00495
SMSY00155,SMHB00575
SMSY00155,SMHB00262
SMSY00155,SMHB00628
SMSY00155,SMHB00636
SMSY00155,SMHB00263
SMSY00155,SMHB00670
SMSY00155,SMHB00062
SMSY00155,SMHB00061
SMSY00155,SMHB00607
SMSY00155,SMHB00210
SMSY00155,SMHB00267
SMSY00155,SMHB00638
SMSY00155,SMHB00465
SMSY00155,SMHB00189
SMSY00156,SMHB00253
SMSY00156,SMHB00391
SMSY00156,SMHB00388
SMSY00156,SMHB00512
SMSY00156,SMHB00384
SMSY00156,SMHB00687
SMSY00156,SMHB00684
SMSY00156,SMHB00596
SMSY00156,SMHB00580
SMSY00157,SMHB00670
SMSY00158,SMHB00604
SMSY00159,SMHB00468
SMSY00160,SMHB00414
SMSY00160,SMHB00420
SMSY00160,SMHB00336
SMSY00160,SMHB00096
SMSY00160,SMHB00604
SMSY00160,SMHB00359
SMSY00160,SMHB00248
SMSY00160,SMHB00302
SMSY00160,SMHB00160
SMSY00160,SMHB00461
SMSY00160,SMHB00185
SMSY00161,SMHB00107
SMSY00161,SMHB00502
SMSY00161,SMHB00004
SMSY00161,SMHB00108
SMSY00161,SMHB00604
SMSY00161,SMHB00283
SMSY00161,SMHB00306
SMSY00161,SMHB00359
SMSY00161,SMHB00586
SMSY00161,SMHB00350
SMSY00161,SMHB00555
SMSY00161,SMHB00063
SMSY00161,SMHB00354
SMSY00161,SMHB00640
SMSY00161,SMHB00462
SMSY00161,SMHB00377
SMSY00161,SMHB00302
SMSY00161,SMHB00457
SMSY00161,SMHB00690
SMSY00161,SMHB00665
SMSY00161,SMHB00340
SMSY00161,SMHB00053
SMSY00161,SMHB00407
SMSY00161,SMHB00363
SMSY00161,SMHB00595
SMSY00161,SMHB00131
SMSY00161,SMHB00215
SMSY00161,SMHB00145
SMSY00161,SMHB00257
SMSY00161,SMHB00657
SMSY00161,SMHB00164
SMSY00162,SMHB00162
SMSY00162,SMHB00641
SMSY00162,SMHB00338
SMSY00162,SMHB00174
SMSY00162,SMHB00595
SMSY00162,SMHB00672
SMSY00162,SMHB00658
SMSY00162,SMHB00655
SMSY00163,SMHB00665
SMSY00165,SMHB00586
SMSY00165,SMHB00462
SMSY00165,SMHB00131
SMSY00166,SMHB00107
SMSY00166,SMHB00502
SMSY00166,SMHB00004
SMSY00166,SMHB00555
SMSY00166,SMHB00063
SMSY00166,SMHB00504
SMSY00166,SMHB00367
SMSY00166,SMHB00355
SMSY00166,SMHB00339
SMSY00166,SMHB00173
SMSY00166,SMHB00043
SMSY00166,SMHB00137
SMSY00167,SMHB00140
SMSY00167,SMHB00542
SMSY00168,SMHB00542
SMSY00169,SMHB00186
SMSY00169,SMHB00255
SMSY00169,SMHB00310
SMSY00169,SMHB00483
SMSY00169,SMHB00033
SMSY00169,SMHB00096
SMSY00169,SMHB00035
SMSY00169,SMHB00515
SMSY00169,SMHB00451
SMSY00169,SMHB00292
SMSY00169,SMHB00486
SMSY00169,SMHB00058
SMSY00169,SMHB00183
SMSY00169,SMHB00047
SMSY00169,SMHB00554
SMSY00169,SMHB00689
SMSY00169,SMHB00303
SMSY00169,SMHB00566
SMSY00169,SMHB00679
SMSY00169,SMHB00560
SMSY00169,SMHB00064
SMSY00170,SMHB00297
SMSY00170,SMHB00185
SMSY00170,SMHB00040
SMSY00170,SMHB00541
SMSY00170,SMHB00635
SMSY00171,SMHB00566
SMSY00172,SMHB00205
SMSY00172,SMHB00332
SMSY00172,SMHB00599
SMSY00173,SMHB00107
SMSY00173,SMHB00555
SMSY00173,SMHB00504
SMSY00173,SMHB00457
SMSY00173,SMHB00355
SMSY00173,SMHB00339
SMSY00174,SMHB00096
SMSY00174,SMHB00604
SMSY00175,SMHB00107
SMSY00175,SMHB00604
SMSY00175,SMHB00359
SMSY00175,SMHB00555
SMSY00175,SMHB00457
SMSY00175,SMHB00407
SMSY00175,SMHB00657
SMSY00176,SMHB00657
SMSY00178,SMHB00432
SMSY00178,SMHB00622
SMSY00179,SMHB00185
SMSY00180,SMHB00622
SMSY00182,SMHB00107
SMSY00182,SMHB00555
SMSY00182,SMHB00504
SMSY00182,SMHB00355
SMSY00182,SMHB00339
SMSY00183,SMHB00537
SMSY00183,SMHB00133
SMSY00183,SMHB00009
SMSY00183,SMHB00695
SMSY00183,SMHB00592
SMSY00184,SMHB00022
SMSY00184,SMHB00035
SMSY00184,SMHB00050
SMSY00184,SMHB00353
SMSY00184,SMHB00129
SMSY00184,SMHB00272
SMSY00184,SMHB00359
SMSY00184,SMHB00428
SMSY00184,SMHB00161
SMSY00184,SMHB00320
SMSY00184,SMHB00009
SMSY00184,SMHB00458
SMSY00184,SMHB00090
SMSY00184,SMHB00170
SMSY00184,SMHB00388
SMSY00184,SMHB00107
SMSY00184,SMHB00414
SMSY00184,SMHB00336
SMSY00184,SMHB00096
SMSY00184,SMHB00148
SMSY00184,SMHB00109
SMSY00184,SMHB00604
SMSY00184,SMHB00084
SMSY00184,SMHB00553
SMSY00184,SMHB00515
SMSY00184,SMHB00451
SMSY00184,SMHB00095
SMSY00184,SMHB00292
SMSY00184,SMHB00486
SMSY00184,SMHB00155
SMSY00184,SMHB00555
SMSY00184,SMHB00480
SMSY00184,SMHB00537
SMSY00184,SMHB00646
SMSY00184,SMHB00504
SMSY00184,SMHB00133
SMSY00184,SMHB00021
SMSY00184,SMHB00457
SMSY00184,SMHB00456
SMSY00184,SMHB00355
SMSY00184,SMHB00695
SMSY00184,SMHB00340
SMSY00184,SMHB00339
SMSY00184,SMHB00052
SMSY00184,SMHB00239
SMSY00184,SMHB00633
SMSY00184,SMHB00407
SMSY00184,SMHB00678
SMSY00184,SMHB00595
SMSY00184,SMHB00592
SMSY00184,SMHB00582
SMSY00184,SMHB00122
SMSY00184,SMHB00064
SMSY00184,SMHB00433
SMSY00184,SMHB00432
SMSY00184,SMHB00657
SMSY00184,SMHB00184
SMSY00184,SMHB00185
SMSY00184,SMHB00187
SMSY00185,SMHB00415
SMSY00186,SMHB00028
SMSY00186,SMHB00143
SMSY00186,SMHB00248
SMSY00186,SMHB00297
SMSY00186,SMHB00070
SMSY00186,SMHB00069
SMSY00186,SMHB00311
SMSY00186,SMHB00455
SMSY00187,SMHB00096
SMSY00187,SMHB00336
SMSY00187,SMHB00108
SMSY00187,SMHB00160
SMSY00187,SMHB00359
SMSY00187,SMHB00041
SMSY00187,SMHB00299
SMSY00187,SMHB00604
SMSY00187,SMHB00248
SMSY00187,SMHB00663
SMSY00187,SMHB00670
SMSY00188,SMHB00390
SMSY00188,SMHB00095
SMSY00188,SMHB00340
SMSY00188,SMHB00002
SMSY00188,SMHB00107
SMSY00188,SMHB00112
SMSY00188,SMHB00131
SMSY00188,SMHB00187
SMSY00188,SMHB00339
SMSY00188,SMHB00162
SMSY00188,SMHB00097
SMSY00188,SMHB00355
SMSY00188,SMHB00555
SMSY00188,SMHB00504
SMSY00188,SMHB00663
SMSY00188,SMHB00665
SMSY00189,SMHB00029
SMSY00189,SMHB00094
SMSY00189,SMHB00164
SMSY00189,SMHB00262
SMSY00189,SMHB00030
SMSY00189,SMHB00386
SMSY00189,SMHB00263
SMSY00190,SMHB00058
SMSY00190,SMHB00186
SMSY00190,SMHB00324
SMSY00190,SMHB00414
SMSY00190,SMHB00172
SMSY00190,SMHB00359
SMSY00190,SMHB00423
SMSY00190,SMHB00329
SMSY00190,SMHB00460
SMSY00190,SMHB00703
SMSY00190,SMHB00024
SMSY00190,SMHB00541
SMSY00190,SMHB00305
SMSY00190,SMHB00263
SMSY00190,SMHB00635
SMSY00190,SMHB00701
SMSY00191,SMHB00678
SMSY00192,SMHB00131
SMSY00192,SMHB00187
SMSY00192,SMHB00361
SMSY00192,SMHB00530
SMSY00192,SMHB00336
SMSY00192,SMHB00429
SMSY00192,SMHB00589
SMSY00192,SMHB00604
SMSY00192,SMHB00586
SMSY00192,SMHB00462
SMSY00192,SMHB00504
SMSY00192,SMHB00665
SMSY00192,SMHB00167
SMSY00192,SMHB00200
SMSY00192,SMHB00340
SMSY00192,SMHB00053
SMSY00192,SMHB00682
SMSY00192,SMHB00386
SMSY00192,SMHB00625
SMSY00192,SMHB00657
SMSY00192,SMHB00164
SMSY00193,SMHB00340
SMSY00194,SMHB00596
SMSY00194,SMHB00701
SMSY00194,SMHB00593
SMSY00195,SMHB00375
SMSY00195,SMHB00296
SMSY00195,SMHB00072
SMSY00195,SMHB00505
SMSY00195,SMHB00417
SMSY00195,SMHB00687
SMSY00195,SMHB00047
SMSY00195,SMHB00318
SMSY00195,SMHB00372
SMSY00195,SMHB00668
SMSY00195,SMHB00150
SMSY00195,SMHB00178
SMSY00195,SMHB00229
SMSY00195,SMHB00228
SMSY00195,SMHB00045
SMSY00195,SMHB00082
SMSY00195,SMHB00597
SMSY00195,SMHB00664
SMSY00195,SMHB00238
SMSY00195,SMHB00153
SMSY00195,SMHB00163
SMSY00196,SMHB00155
SMSY00196,SMHB00002
SMSY00197,SMHB00057
SMSY00197,SMHB00186
SMSY00197,SMHB00188
SMSY00197,SMHB00335
SMSY00197,SMHB00464
SMSY00197,SMHB00085
SMSY00197,SMHB00469
SMSY00197,SMHB00487
SMSY00197,SMHB00018
SMSY00197,SMHB00483
SMSY00197,SMHB00183
SMSY00197,SMHB00326
SMSY00197,SMHB00493
SMSY00197,SMHB00116
SMSY00197,SMHB00244
SMSY00197,SMHB00283
SMSY00197,SMHB00121
SMSY00197,SMHB00161
SMSY00197,SMHB00420
SMSY00197,SMHB00455
SMSY00197,SMHB00119
SMSY00197,SMHB00125
SMSY00197,SMHB00039
SMSY00197,SMHB00040
SMSY00197,SMHB00369
SMSY00197,SMHB00368
SMSY00197,SMHB00104
SMSY00197,SMHB00103
SMSY00197,SMHB00514
SMSY00197,SMHB00070
SMSY00197,SMHB00311
SMSY00197,SMHB00520
SMSY00197,SMHB00598
SMSY00197,SMHB00142
SMSY00197,SMHB00081
SMSY00197,SMHB00182
SMSY00197,SMHB00535
SMSY00197,SMHB00157
SMSY00197,SMHB00621
SMSY00197,SMHB00377
SMSY00197,SMHB00284
SMSY00197,SMHB00445
SMSY00197,SMHB00613
SMSY00197,SMHB00632
SMSY00197,SMHB00023
SMSY00197,SMHB00026
SMSY00197,SMHB00024
SMSY00197,SMHB00334
SMSY00197,SMHB00374
SMSY00197,SMHB00195
SMSY00197,SMHB00673
SMSY00197,SMHB00667
SMSY00197,SMHB00668
SMSY00197,SMHB00169
SMSY00197,SMHB00659
SMSY00197,SMHB00492
SMSY00197,SMHB00225
SMSY00197,SMHB00139
SMSY00197,SMHB00686
SMSY00197,SMHB00423
SMSY00197,SMHB00065
SMSY00197,SMHB00061
SMSY00197,SMHB00207
SMSY00197,SMHB00607
SMSY00197,SMHB00524
SMSY00197,SMHB00267
SMSY00197,SMHB00268
SMSY00197,SMHB00638
SMSY00197,SMHB00185
SMSY00197,SMHB00187
SMSY00197,SMHB00189
SMSY00199,SMHB00493
SMSY00200,SMHB00336
SMSY00200,SMHB00464
SMSY00200,SMHB00077
SMSY00200,SMHB00093
SMSY00200,SMHB00129
SMSY00200,SMHB00155
SMSY00200,SMHB00315
SMSY00200,SMHB00456
SMSY00200,SMHB00427
SMSY00200,SMHB00152
SMSY00200,SMHB00346
SMSY00200,SMHB00360
SMSY00200,SMHB00474
SMSY00200,SMHB00345
SMSY00200,SMHB00500
SMSY00200,SMHB00039
SMSY00200,SMHB00517
SMSY00200,SMHB00507
SMSY00200,SMHB00085
SMSY00200,SMHB00395
SMSY00200,SMHB00527
SMSY00200,SMHB00522
SMSY00200,SMHB00523
SMSY00200,SMHB00515
SMSY00200,SMHB00505
SMSY00200,SMHB00182
SMSY00200,SMHB00536
SMSY00200,SMHB00353
SMSY00200,SMHB00478
SMSY00200,SMHB00685
SMSY00200,SMHB00254
SMSY00200,SMHB00304
SMSY00200,SMHB00303
SMSY00200,SMHB00445
SMSY00200,SMHB00370
SMSY00200,SMHB00579
SMSY00200,SMHB00117
SMSY00200,SMHB00312
SMSY00200,SMHB00569
SMSY00200,SMHB00424
SMSY00200,SMHB00031
SMSY00200,SMHB00065
SMSY00200,SMHB00469
SMSY00200,SMHB00461
SMSY00200,SMHB00597
SMSY00200,SMHB00655
SMSY00200,SMHB00702
SMSY00200,SMHB00187
SMSY00200,SMHB00165
SMSY00201,SMHB00346
SMSY00201,SMHB00336
SMSY00201,SMHB00590
SMSY00201,SMHB00095
SMSY00201,SMHB00143
SMSY00201,SMHB00685
SMSY00201,SMHB00190
SMSY00201,SMHB00377
SMSY00201,SMHB00302
SMSY00201,SMHB00021
SMSY00201,SMHB00024
SMSY00201,SMHB00591
SMSY00201,SMHB00169
SMSY00201,SMHB00338
SMSY00201,SMHB00002
SMSY00201,SMHB00672
SMSY00201,SMHB00596
SMSY00201,SMHB00630
SMSY00201,SMHB00194
SMSY00201,SMHB00658
SMSY00201,SMHB00185
SMSY00201,SMHB00187
SMSY00201,SMHB00166
SMSY00201,SMHB00544
SMSY00201,SMHB00594
SMSY00202,SMHB00169
SMSY00202,SMHB00187
SMSY00203,SMHB00639
SMSY00203,SMHB00499
SMSY00204,SMHB00701
SMSY00205,SMHB00366
SMSY00206,SMHB00462
SMSY00206,SMHB00131
SMSY00206,SMHB00346
SMSY00206,SMHB00429
SMSY00206,SMHB00107
SMSY00206,SMHB00502
SMSY00206,SMHB00108
SMSY00206,SMHB00604
SMSY00206,SMHB00586
SMSY00206,SMHB00555
SMSY00206,SMHB00640
SMSY00206,SMHB00504
SMSY00206,SMHB00665
SMSY00206,SMHB00340
SMSY00206,SMHB00053
SMSY00206,SMHB00407
SMSY00206,SMHB00363
SMSY00206,SMHB00595
SMSY00206,SMHB00625
SMSY00206,SMHB00215
SMSY00206,SMHB00657
SMSY00207,SMHB00131
SMSY00208,SMHB00423
SMSY00209,SMHB00082
SMSY00209,SMHB00131
SMSY00210,SMHB00201
SMSY00211,SMHB00455
SMSY00211,SMHB00297
SMSY00211,SMHB00103
SMSY00211,SMHB00283
SMSY00211,SMHB00306
SMSY00211,SMHB00512
SMSY00211,SMHB00070
SMSY00211,SMHB00311
SMSY00211,SMHB00030
SMSY00211,SMHB00350
SMSY00211,SMHB00377
SMSY00211,SMHB00632
SMSY00211,SMHB00024
SMSY00211,SMHB00029
SMSY00211,SMHB00028
SMSY00211,SMHB00541
SMSY00211,SMHB00305
SMSY00211,SMHB00561
SMSY00211,SMHB00635
SMSY00211,SMHB00460
SMSY00211,SMHB00329
SMSY00211,SMHB00701
SMSY00211,SMHB00580
SMSY00211,SMHB00164
SMSY00211,SMHB00593
SMSY00211,SMHB00594
SMSY00212,SMHB00541
SMSY00212,SMHB00635
SMSY00213,SMHB00030
SMSY00214,SMHB00394
SMSY00214,SMHB00408
SMSY00214,SMHB00489
SMSY00214,SMHB00526
SMSY00214,SMHB00091
SMSY00214,SMHB00491
SMSY00214,SMHB00610
SMSY00214,SMHB00600
SMSY00215,SMHB00408
SMSY00215,SMHB00610
SMSY00215,SMHB00600
SMSY00216,SMHB00246
SMSY00216,SMHB00519
SMSY00216,SMHB00617
SMSY00216,SMHB00316
SMSY00216,SMHB00395
SMSY00216,SMHB00076
SMSY00216,SMHB00446
SMSY00216,SMHB00288
SMSY00216,SMHB00155
SMSY00216,SMHB00383
SMSY00216,SMHB00156
SMSY00216,SMHB00113
SMSY00216,SMHB00367
SMSY00216,SMHB00496
SMSY00216,SMHB00425
SMSY00216,SMHB00322
SMSY00216,SMHB00052
SMSY00216,SMHB00051
SMSY00216,SMHB00055
SMSY00216,SMHB00082
SMSY00216,SMHB00138
SMSY00216,SMHB00441
SMSY00216,SMHB00202
SMSY00216,SMHB00433
SMSY00216,SMHB00434
SMSY00216,SMHB00435
SMSY00216,SMHB00118
SMSY00216,SMHB00658
SMSY00216,SMHB00702
SMSY00216,SMHB00264
SMSY00217,SMHB00113
SMSY00218,SMHB00246
SMSY00218,SMHB00519
SMSY00218,SMHB00617
SMSY00218,SMHB00316
SMSY00218,SMHB00395
SMSY00218,SMHB00076
SMSY00218,SMHB00383
SMSY00218,SMHB00156
SMSY00218,SMHB00113
SMSY00218,SMHB00425
SMSY00218,SMHB00322
SMSY00218,SMHB00052
SMSY00218,SMHB00051
SMSY00218,SMHB00055
SMSY00218,SMHB00138
SMSY00218,SMHB00433
SMSY00218,SMHB00434
SMSY00219,SMHB00264
SMSY00220,SMHB00037
SMSY00221,SMHB00106
SMSY00221,SMHB00107
SMSY00221,SMHB00344
SMSY00221,SMHB00246
SMSY00221,SMHB00245
SMSY00221,SMHB00413
SMSY00221,SMHB00533
SMSY00221,SMHB00415
SMSY00221,SMHB00501
SMSY00221,SMHB00341
SMSY00221,SMHB00236
SMSY00221,SMHB00530
SMSY00221,SMHB00098
SMSY00221,SMHB00570
SMSY00221,SMHB00005
SMSY00221,SMHB00126
SMSY00221,SMHB00519
SMSY00221,SMHB00617
SMSY00221,SMHB00038
SMSY00221,SMHB00316
SMSY00221,SMHB00314
SMSY00221,SMHB00034
SMSY00221,SMHB00101
SMSY00221,SMHB00100
SMSY00221,SMHB00427
SMSY00221,SMHB00089
SMSY00221,SMHB00395
SMSY00221,SMHB00527
SMSY00221,SMHB00198
SMSY00221,SMHB00411
SMSY00221,SMHB00447
SMSY00221,SMHB00523
SMSY00221,SMHB00606
SMSY00221,SMHB00076
SMSY00221,SMHB00074
SMSY00221,SMHB00077
SMSY00221,SMHB00586
SMSY00221,SMHB00007
SMSY00221,SMHB00095
SMSY00221,SMHB00442
SMSY00221,SMHB00598
SMSY00221,SMHB00196
SMSY00221,SMHB00650
SMSY00221,SMHB00417
SMSY00221,SMHB00287
SMSY00221,SMHB00565
SMSY00221,SMHB00114
SMSY00221,SMHB00155
SMSY00221,SMHB00634
SMSY00221,SMHB00349
SMSY00221,SMHB00352
SMSY00221,SMHB00688
SMSY00221,SMHB00175
SMSY00221,SMHB00277
SMSY00221,SMHB00383
SMSY00221,SMHB00452
SMSY00221,SMHB00158
SMSY00221,SMHB00156
SMSY00221,SMHB00462
SMSY00221,SMHB00685
SMSY00221,SMHB00573
SMSY00221,SMHB00532
SMSY00221,SMHB00302
SMSY00221,SMHB00304
SMSY00221,SMHB00611
SMSY00221,SMHB00629
SMSY00221,SMHB00113
SMSY00221,SMHB00280
SMSY00221,SMHB00016
SMSY00221,SMHB00026
SMSY00221,SMHB00025
SMSY00221,SMHB00431
SMSY00221,SMHB00001
SMSY00221,SMHB00373
SMSY00221,SMHB00324
SMSY00221,SMHB00078
SMSY00221,SMHB00124
SMSY00221,SMHB00425
SMSY00221,SMHB00261
SMSY00221,SMHB00443
SMSY00221,SMHB00282
SMSY00221,SMHB00322
SMSY00221,SMHB00699
SMSY00221,SMHB00235
SMSY00221,SMHB00487
SMSY00221,SMHB00068
SMSY00221,SMHB00052
SMSY00221,SMHB00051
SMSY00221,SMHB00323
SMSY00221,SMHB00055
SMSY00221,SMHB00008
SMSY00221,SMHB00693
SMSY00221,SMHB00138
SMSY00221,SMHB00177
SMSY00221,SMHB00050
SMSY00221,SMHB00681
SMSY00221,SMHB00680
SMSY00221,SMHB00691
SMSY00221,SMHB00421
SMSY00221,SMHB00424
SMSY00221,SMHB00066
SMSY00221,SMHB00643
SMSY00221,SMHB00652
SMSY00221,SMHB00608
SMSY00221,SMHB00609
SMSY00221,SMHB00401
SMSY00221,SMHB00300
SMSY00221,SMHB00123
SMSY00221,SMHB00122
SMSY00221,SMHB00237
SMSY00221,SMHB00327
SMSY00221,SMHB00630
SMSY00221,SMHB00433
SMSY00221,SMHB00434
SMSY00221,SMHB00432
SMSY00221,SMHB00270
SMSY00221,SMHB00525
SMSY00221,SMHB00153
SMSY00221,SMHB00154
SMSY00221,SMHB00193
SMSY00221,SMHB00194
SMSY00221,SMHB00118
SMSY00221,SMHB00257
SMSY00221,SMHB00702
SMSY00221,SMHB00165
SMSY00221,SMHB00378
SMSY00222,SMHB00146
SMSY00222,SMHB00186
SMSY00222,SMHB00267
SMSY00222,SMHB00298
SMSY00222,SMHB00301
SMSY00222,SMHB00303
SMSY00222,SMHB00319
SMSY00222,SMHB00481
SMSY00222,SMHB00495
SMSY00222,SMHB00499
SMSY00222,SMHB00087
SMSY00222,SMHB00037
SMSY00222,SMHB00059
SMSY00222,SMHB00144
SMSY00222,SMHB00204
SMSY00222,SMHB00207
SMSY00222,SMHB00209
SMSY00222,SMHB00217
SMSY00222,SMHB00241
SMSY00222,SMHB00278
SMSY00222,SMHB00351
SMSY00222,SMHB00366
SMSY00222,SMHB00441
SMSY00222,SMHB00445
SMSY00222,SMHB00454
SMSY00222,SMHB00465
SMSY00222,SMHB00130
SMSY00222,SMHB00293
SMSY00222,SMHB00500
SMSY00222,SMHB00696
SMSY00222,SMHB00570
SMSY00222,SMHB00369
SMSY00222,SMHB00516
SMSY00222,SMHB00509
SMSY00222,SMHB00527
SMSY00222,SMHB00003
SMSY00222,SMHB00514
SMSY00222,SMHB00049
SMSY00222,SMHB00598
SMSY00222,SMHB00564
SMSY00222,SMHB00058
SMSY00222,SMHB00155
SMSY00222,SMHB00094
SMSY00222,SMHB00546
SMSY00222,SMHB00367
SMSY00222,SMHB00027
SMSY00222,SMHB00025
SMSY00222,SMHB00079
SMSY00222,SMHB00496
SMSY00222,SMHB00668
SMSY00222,SMHB00425
SMSY00222,SMHB00261
SMSY00222,SMHB00262
SMSY00222,SMHB00322
SMSY00222,SMHB00699
SMSY00222,SMHB00636
SMSY00222,SMHB00473
SMSY00222,SMHB00052
SMSY00222,SMHB00227
SMSY00222,SMHB00226
SMSY00222,SMHB00601
SMSY00222,SMHB00602
SMSY00222,SMHB00212
SMSY00222,SMHB00213
SMSY00222,SMHB00082
SMSY00222,SMHB00274
SMSY00222,SMHB00138
SMSY00222,SMHB00176
SMSY00222,SMHB00653
SMSY00222,SMHB00680
SMSY00222,SMHB00560
SMSY00222,SMHB00066
SMSY00222,SMHB00141
SMSY00222,SMHB00122
SMSY00222,SMHB00434
SMSY00222,SMHB00435
SMSY00222,SMHB00153
SMSY00222,SMHB00449
SMSY00222,SMHB00264
SMSY00223,SMHB00267
SMSY00224,SMHB00035
SMSY00224,SMHB00303
SMSY00224,SMHB00336
SMSY00224,SMHB00394
SMSY00224,SMHB00003
SMSY00224,SMHB00010
SMSY00224,SMHB00048
SMSY00224,SMHB00131
SMSY00224,SMHB00385
SMSY00224,SMHB00135
SMSY00224,SMHB00398
SMSY00224,SMHB00345
SMSY00224,SMHB00093
SMSY00224,SMHB00500
SMSY00224,SMHB00588
SMSY00224,SMHB00464
SMSY00224,SMHB00696
SMSY00224,SMHB00526
SMSY00224,SMHB00039
SMSY00224,SMHB00315
SMSY00224,SMHB00517
SMSY00224,SMHB00507
SMSY00224,SMHB00085
SMSY00224,SMHB00395
SMSY00224,SMHB00527
SMSY00224,SMHB00522
SMSY00224,SMHB00523
SMSY00224,SMHB00515
SMSY00224,SMHB00360
SMSY00224,SMHB00077
SMSY00224,SMHB00505
SMSY00224,SMHB00152
SMSY00224,SMHB00474
SMSY00224,SMHB00182
SMSY00224,SMHB00536
SMSY00224,SMHB00353
SMSY00224,SMHB00552
SMSY00224,SMHB00478
SMSY00224,SMHB00254
SMSY00224,SMHB00304
SMSY00224,SMHB00370
SMSY00224,SMHB00491
SMSY00224,SMHB00566
SMSY00224,SMHB00579
SMSY00224,SMHB00628
SMSY00224,SMHB00117
SMSY00224,SMHB00312
SMSY00224,SMHB00569
SMSY00224,SMHB00424
SMSY00224,SMHB00031
SMSY00224,SMHB00065
SMSY00224,SMHB00469
SMSY00224,SMHB00597
SMSY00224,SMHB00702
SMSY00224,SMHB00187
SMSY00224,SMHB00165
SMSY00225,SMHB00451
SMSY00225,SMHB00417
SMSY00225,SMHB00698
SMSY00226,SMHB00050
SMSY00226,SMHB00168
SMSY00226,SMHB00181
SMSY00226,SMHB00220
SMSY00226,SMHB00221
SMSY00226,SMHB00222
SMSY00226,SMHB00292
SMSY00226,SMHB00353
SMSY00226,SMHB00117
SMSY00226,SMHB00345
SMSY00226,SMHB00049
SMSY00226,SMHB00047
SMSY00226,SMHB00112
SMSY00226,SMHB00272
SMSY00226,SMHB00330
SMSY00226,SMHB00380
SMSY00226,SMHB00485
SMSY00226,SMHB00486
SMSY00226,SMHB00171
SMSY00226,SMHB00470
SMSY00226,SMHB00515
SMSY00226,SMHB00417
SMSY00226,SMHB00689
SMSY00226,SMHB00146
SMSY00226,SMHB00695
SMSY00226,SMHB00577
SMSY00226,SMHB00698
SMSY00226,SMHB00691
SMSY00226,SMHB00592
SMSY00226,SMHB00597
SMSY00226,SMHB00599
SMSY00226,SMHB00193
SMSY00227,SMHB00485
SMSY00227,SMHB00146
SMSY00227,SMHB00691
SMSY00228,SMHB00168
SMSY00228,SMHB00292
SMSY00228,SMHB00047
SMSY00228,SMHB00112
SMSY00228,SMHB00272
SMSY00228,SMHB00380
SMSY00228,SMHB00689
SMSY00228,SMHB00695
SMSY00228,SMHB00592
SMSY00228,SMHB00599
SMSY00229,SMHB00181
SMSY00229,SMHB00220
SMSY00230,SMHB00112
SMSY00230,SMHB00577
SMSY00232,SMHB00234
SMSY00233,SMHB00049
SMSY00233,SMHB00486
SMSY00233,SMHB00515
SMSY00233,SMHB00698
